,1985,1986,1987,1988,1989,1990,1991,1992,1993,1994,1995,1996,1997,1998,1999,2000,2001,2002,2003,2004,2005,2006,2007,2008,2009,2010,2011,2012,2013,2014,2015,2016
0,63026.0,62644.0,61833.0,61079.0,61032.0,62149.0,64622.0,68235.0,72504.0,76700.0,80324.0,83200.0,85451.0,87277.0,89005.0,90853.0,92898.0,94992.0,97017.0,98737.0,100031.0,100832.0,101220.0,101353.0,101453.0,101669.0,102053.0,102577.0,103187.0,-0.31691293441425883,104341.0,104822.0
1,11783050.0,11601041.0,11502761.0,11540888.0,11777609.0,12249114.0,12993657.0,13981231.0,15095099.0,16172719.0,17099541.0,17822884.0,18381605.0,18863999.0,19403676.0,20093756.0,20966463.0,21979923.0,23064851.0,24118979.0,25070798.0,25893450.0,26616792.0,27294031.0,28004331.0,28803167.0,29708599.0,30696958.0,31731688.0,-0.28164344200673286,33736494.0,34656032.0
2,10609042.0,10921037.0,11218268.0,11513968.0,11827237.0,12171441.0,12553446.0,12968345.0,13403734.0,13841301.0,14268994.0,14682284.0,15088981.0,15504318.0,15949766.0,16440924.0,16983266.0,17572649.0,18203369.0,18865716.0,19552542.0,20262399.0,20997687.0,21759420.0,22549547.0,23369131.0,24218565.0,25096150.0,25998340.0,-0.2879485240131661,27859305.0,28813463.0
3,2964762.0,3022635.0,3083605.0,3142336.0,3227943.0,3286542.0,3266790.0,3247039.0,3227287.0,3207536.0,3187784.0,3168033.0,3148281.0,3128530.0,3108778.0,3089027.0,3060173.0,3051010.0,3039616.0,3026939.0,3011487.0,2992547.0,2970017.0,2947314.0,2927519.0,2913021.0,2905195.0,2900401.0,2895092.0,-0.31390455082444424,2880703.0,2876101.0
4,44600.0,46517.0,48455.0,50434.0,52448.0,54509.0,56671.0,58888.0,60971.0,62677.0,63850.0,64360.0,64327.0,64142.0,64370.0,65390.0,67341.0,70049.0,73182.0,76244.0,78867.0,80991.0,82683.0,83861.0,84462.0,84449.0,83751.0,82431.0,80788.0,-0.3169394743786107,78014.0,77281.0
5,193310301.0,199093767.0,204942549.0,210844771.0,216787402.0,224735446.0,230829868.0,235037179.0,241286091.0,247435930.0,255029671.0,260843462.0,266575075.0,272235146.0,277962869.0,283832016.0,289850357.0,296026575.0,302434519.0,309162029.0,316264728.0,323773264.0,331653797.0,339825483.0,348145094.0,356508908.0,364895878.0,373306993.0,381702086.0,0.10425641863852388,398304960.0,406452690.0
6,1391052.0,1472218.0,1560718.0,1655849.0,1756043.0,1860174.0,1970026.0,2086639.0,2207405.0,2328686.0,2448820.0,2571020.0,2700010.0,2838145.0,2988162.0,3154925.0,3326032.0,3507232.0,3741932.0,4087931.0,4579562.0,5242032.0,6044067.0,6894278.0,7666393.0,8270684.0,8672475.0,8900453.0,9006263.0,-0.3072276922190532,9154302.0,9269612.0
7,30388783.0,30857244.0,31326473.0,31795517.0,32263561.0,32729739.0,33193918.0,33655151.0,34110917.0,34558115.0,34994814.0,35419682.0,35833969.0,36241590.0,36648068.0,37057452.0,37471509.0,37889370.0,38309379.0,38728696.0,39145488.0,39558890.0,39970224.0,40382389.0,40799407.0,41223889.0,41656879.0,42096739.0,42539925.0,-0.2706011502579353,43417765.0,43847430.0
8,3335935.0,3392256.0,3451942.0,3504651.0,3536469.0,3538165.0,3505251.0,3442810.0,3363098.0,3283660.0,3217342.0,3168215.0,3133086.0,3108684.0,3089017.0,3069588.0,3050655.0,3033897.0,3017806.0,3000612.0,2981259.0,2958500.0,2933056.0,2908220.0,2888584.0,2877311.0,2875581.0,2881922.0,2893509.0,-0.31388606400896946,2916950.0,2924816.0
9,39241.0,40837.0,42450.0,44047.0,45593.0,47038.0,48375.0,49593.0,50720.0,51803.0,52868.0,53929.0,54941.0,55901.0,56770.0,57521.0,58175.0,58731.0,59117.0,59264.0,59118.0,58650.0,57903.0,57030.0,56227.0,55637.0,55320.0,55230.0,55307.0,-0.31696516539245057,55537.0,55599.0
10,69782.0,68809.0,67845.0,67058.0,66627.0,66696.0,67307.0,68427.0,69938.0,71719.0,73619.0,75628.0,77739.0,79851.0,81831.0,83584.0,85057.0,86266.0,87293.0,88257.0,89253.0,90301.0,91381.0,92478.0,93581.0,94661.0,95719.0,96777.0,97824.0,-0.3169182484556316,99923.0,100963.0
11,15758000.0,16018400.0,16263900.0,16532200.0,16814400.0,17065100.0,17284000.0,17495000.0,17667000.0,17855000.0,18072000.0,18311000.0,18517000.0,18711000.0,18926000.0,19153000.0,19413000.0,19651400.0,19895400.0,20127400.0,20394800.0,20697900.0,20827600.0,21249200.0,21691700.0,22031750.0,22340024.0,22742475.0,23145901.0,-0.2916384647316373,23850784.0,24210809.0
12,7564985.0,7569794.0,7574586.0,7585317.0,7619567.0,7677850.0,7754891.0,7840709.0,7905633.0,7936118.0,7948278.0,7959017.0,7968041.0,7976789.0,7992324.0,8011566.0,8042293.0,8081957.0,8121423.0,8171966.0,8227829.0,8268641.0,8295487.0,8321496.0,8343323.0,8363404.0,8391643.0,8429991.0,8479375.0,-0.30779937506178995,8633169.0,8731471.0
13,6666455.0,6778633.0,6893500.0,7010036.0,7126891.0,7159000.0,7271000.0,7382000.0,7495000.0,7597000.0,7685000.0,7763000.0,7838250.0,7913000.0,7982750.0,8048600.0,8111200.0,8171950.0,8234100.0,8306500.0,8391850.0,8484550.0,8581300.0,8763400.0,8947243.0,9054332.0,9173082.0,9295784.0,9416801.0,-0.3067263016146373,9649341.0,9757812.0
14,4702066.0,4841565.0,4987736.0,5135956.0,5280024.0,5415415.0,5542048.0,5661139.0,5771398.0,5871607.0,5962058.0,6041112.0,6112097.0,6186352.0,6278940.0,6400706.0,6555829.0,6741569.0,6953113.0,7182451.0,7423289.0,7675338.0,7939573.0,8212264.0,8489031.0,8766930.0,9043508.0,9319710.0,9600186.0,-0.30634102173412625,10199270.0,10524117.0
15,9858308.0,9861823.0,9870234.0,9901664.0,9937697.0,9967379.0,10004486.0,10045158.0,10084475.0,10115603.0,10136811.0,10156637.0,10181245.0,10203008.0,10226419.0,10251250.0,10286570.0,10332785.0,10376133.0,10421137.0,10478617.0,10547958.0,10625700.0,10709973.0,10796493.0,10895586.0,11047744.0,11128246.0,11182817.0,-0.30491825520222465,11274196.0,11338476.0
16,4278501.0,4404506.0,4535263.0,4672852.0,4820016.0,4978496.0,5149499.0,5331803.0,5521763.0,5714220.0,5905558.0,6094259.0,6281639.0,6470265.0,6664098.0,6865951.0,7076733.0,7295394.0,7520555.0,7750004.0,7982225.0,8216896.0,8454791.0,8696916.0,8944706.0,9199259.0,9460802.0,9729160.0,10004451.0,-0.3059144705457099,10575952.0,10872298.0
17,7727907.0,7930694.0,8140073.0,8356305.0,8579823.0,8811034.0,9050084.0,9297113.0,9552476.0,9816588.0,10089878.0,10372745.0,10665546.0,10968724.0,11282701.0,11607942.0,11944587.0,12293100.0,12654621.0,13030569.0,13421930.0,13829177.0,14252021.0,14689726.0,15141099.0,15605217.0,16081904.0,16571216.0,17072723.0,-0.2980306095293171,18110624.0,18646433.0
18,93199865.0,95742431.0,98343809.0,100975321.0,103599232.0,106188642.0,108727432.0,111221938.0,113695139.0,116182267.0,118706871.0,121269645.0,123854640.0,126447965.0,129029691.0,131581243.0,134107160.0,136600667.0,139019001.0,141307489.0,143431101.0,145368004.0,147139191.0,148805814.0,150454708.0,152149102.0,153911916.0,155727053.0,157571292.0,-0.1448530407727585,161200886.0,162951560.0
19,8960547.0,8958171.0,8971359.0,8981446.0,8876972.0,8718289.0,8632367.0,8540164.0,8472313.0,8443591.0,8406067.0,8362826.0,8312068.0,8256786.0,8210624.0,8170172.0,8009142.0,7837161.0,7775327.0,7716860.0,7658972.0,7601022.0,7545338.0,7492561.0,7444443.0,7395599.0,7348328.0,7305888.0,7265115.0,-0.3092225412268842,7177991.0,7127822.0
20,419430.0,433482.0,448973.0,465202.0,481090.0,495931.0,509765.0,523087.0,536213.0,549588.0,563699.0,578668.0,594930.0,613702.0,636545.0,664614.0,697549.0,735148.0,778711.0,829848.0,889168.0,958414.0,1035891.0,1114590.0,1185029.0,1240862.0,1278269.0,1300217.0,1315411.0,-0.31558161367764664,1371855.0,1425171.0
21,234687.0,239131.0,243393.0,247579.0,251849.0,256336.0,261116.0,266134.0,271165.0,275895.0,280150.0,283790.0,286970.0,290060.0,293572.0,297890.0,303135.0,309157.0,315746.0,322526.0,329249.0,335830.0,342328.0,348676.0,354856.0,360832.0,366568.0,372039.0,377240.0,-0.31661226552135285,386838.0,391232.0
22,4392130.0,4435504.0,4478519.0,4508056.0,4506653.0,4463422.0,4371603.0,4239154.0,4087999.0,3948816.0,3843712.0,3780378.0,3752431.0,3750485.0,3759118.0,3766706.0,3771284.0,3775807.0,3779247.0,3781287.0,3781530.0,3779468.0,3774000.0,3763599.0,3746561.0,3722084.0,3688865.0,3648200.0,3604999.0,-0.31317344025998683,3535961.0,3516816.0
23,9975000.0,10043000.0,10111000.0,10140000.0,10170000.0,10189000.0,10194000.0,10216000.0,10239000.0,10227000.0,10194000.0,10160000.0,10117000.0,10069000.0,10026738.0,9979610.0,9928549.0,9865548.0,9796749.0,9730146.0,9663915.0,9604924.0,9560953.0,9527985.0,9506765.0,9490583.0,9473172.0,9464495.0,9465997.0,-0.30679172048818704,9489616.0,9501534.0
24,164921.0,169568.0,174320.0,179028.0,183469.0,187552.0,191126.0,194317.0,197616.0,201674.0,206963.0,213676.0,221606.0,230284.0,239026.0,247315.0,254984.0,262206.0,269130.0,276089.0,283277.0,290747.0,298407.0,306165.0,313929.0,321608.0,329192.0,336701.0,344181.0,-0.3166451812552623,359288.0,366954.0
25,56898.0,57382.0,57849.0,58347.0,58841.0,59326.0,59021.0,58595.0,58910.0,59320.0,59746.0,60129.0,60497.0,60943.0,61285.0,61833.0,62504.0,62912.0,63325.0,63740.0,64154.0,64523.0,64888.0,65273.0,65636.0,65124.0,64564.0,64798.0,65001.0,-0.31695468636208507,65250.0,65376.0
26,6211550.0,6337893.0,6464732.0,6592787.0,6723046.0,6856244.0,6992521.0,7131707.0,7273825.0,7418861.0,7566714.0,7717443.0,7870855.0,8026254.0,8182712.0,8339512.0,8496375.0,8653345.0,8810420.0,8967741.0,9125409.0,9283334.0,9441444.0,9599855.0,9758748.0,9918242.0,10078343.0,10239004.0,10400264.0,-0.30561696307538483,10724705.0,10887882.0
27,135676281.0,138499464.0,141273488.0,144001542.0,146691981.0,149352145.0,151976577.0,154564278.0,157132682.0,159705123.0,162296612.0,164913306.0,167545164.0,170170640.0,172759243.0,175287587.0,177750670.0,180151021.0,182482149.0,184738458.0,186917361.0,189012412.0,191026637.0,192979029.0,194895996.0,196796269.0,198686688.0,200560983.0,202408632.0,-0.09645653874429105,205962108.0,207652865.0
28,255924.0,256736.0,257611.0,258527.0,259458.0,260374.0,261275.0,262184.0,263089.0,264015.0,264959.0,265942.0,266945.0,267950.0,268922.0,269847.0,270685.0,271478.0,272258.0,273091.0,274009.0,275039.0,276150.0,277319.0,278470.0,279569.0,280601.0,281585.0,282509.0,-0.3167189611032564,284217.0,284996.0
29,224512.0,230972.0,237622.0,244458.0,251514.0,258785.0,266274.0,273963.0,281751.0,289525.0,297192.0,304699.0,312038.0,319222.0,326289.0,333241.0,340117.0,346867.0,353389.0,359523.0,365158.0,370250.0,374864.0,379252.0,383772.0,388662.0,394013.0,399748.0,405716.0,-0.31658036507177073,417542.0,423196.0
30,467178.0,482952.0,500437.0,517273.0,530257.0,537280.0,537284.0,531525.0,523117.0,516503.0,514877.0,519282.0,528754.0,542155.0,557543.0,573416.0,589600.0,606399.0,623434.0,640282.0,656639.0,672228.0,686958.0,700950.0,714458.0,727641.0,740510.0,752967.0,764961.0,-0.31618640883062,787386.0,797765.0
31,1189114.0,1226810.0,1264314.0,1301818.0,1339624.0,1377912.0,1416731.0,1455833.0,1494693.0,1532622.0,1569094.0,1604060.0,1637635.0,1669625.0,1699862.0,1728340.0,1754935.0,1779953.0,1804339.0,1829330.0,1855852.0,1884238.0,1914414.0,1946351.0,1979882.0,2014866.0,2051339.0,2089315.0,2128507.0,-0.3146827889432141,2209197.0,2250260.0
32,2634232.0,2696982.0,2755244.0,2812244.0,2872668.0,2939780.0,3014624.0,3095807.0,3181222.0,3267670.0,3352767.0,3435821.0,3517309.0,3597385.0,3676508.0,3754986.0,3832203.0,3907612.0,3981665.0,4055036.0,4127910.0,4201758.0,4275800.0,4345386.0,4404230.0,4448525.0,4476153.0,4490416.0,4499653.0,-0.3121480138902971,4546100.0,4594621.0
33,25942000.0,26204000.0,26550000.0,26895000.0,27379000.0,27791000.0,28171682.0,28519597.0,28833410.0,29111906.0,29354000.0,29671900.0,29987200.0,30247900.0,30499200.0,30769700.0,31081900.0,31362000.0,31676000.0,31995000.0,32312000.0,32570505.0,32887928.0,33245773.0,33628571.0,34005274.0,34342780.0,34750545.0,35152370.0,-0.278643678612893,35832513.0,36264604.0
34,109360296.0,109847148.0,110296680.0,110688533.0,110801380.0,110745760.0,110290445.0,110005636.0,110081461.0,110019570.0,109913216.0,109563097.0,109459093.0,109207205.0,109102354.0,108405522.0,107800399.0,107097577.0,106760768.0,106466116.0,106173766.0,105901322.0,105504531.0,105126686.0,104924372.0,104543801.0,104174038.0,103935318.0,103713726.0,-0.20523988437298515,103257751.0,102991323.0
35,6470365.0,6504124.0,6545106.0,6593386.0,6646912.0,6715519.0,6799978.0,6875364.0,6938265.0,6993795.0,7040687.0,7071850.0,7088906.0,7110001.0,7143991.0,7184250.0,7229854.0,7284753.0,7339001.0,7389625.0,7437115.0,7483934.0,7551117.0,7647675.0,7743831.0,7824909.0,7912398.0,7996861.0,8089346.0,-0.30818056680274897,8282396.0,8372413.0
36,133808.0,135230.0,136716.0,138187.0,139530.0,140671.0,141568.0,142258.0,142819.0,143384.0,144046.0,144829.0,145715.0,146671.0,147687.0,148725.0,149793.0,150901.0,152038.0,153170.0,154294.0,155411.0,156513.0,157581.0,158603.0,159581.0,160497.0,161358.0,162180.0,-0.31684902118576475,163758.0,164541.0
37,12181028.0,12384108.0,12594145.0,12809025.0,13025797.0,13242132.0,13457244.0,13671033.0,13882668.0,14091389.0,14296613.0,14497826.0,14694835.0,14887756.0,15076952.0,15262754.0,15444969.0,15623635.0,15799542.0,15973778.0,16147064.0,16319792.0,16491687.0,16661942.0,16829442.0,16993354.0,17153357.0,17309746.0,17462982.0,-0.29800056035349776,17762681.0,17909754.0
38,1051040000.0,1066790000.0,1084035000.0,1101630000.0,1118650000.0,1135185000.0,1150780000.0,1164970000.0,1178440000.0,1191835000.0,1204855000.0,1217550000.0,1230075000.0,1241935000.0,1252735000.0,1262645000.0,1271850000.0,1280400000.0,1288400000.0,1296075000.0,1303720000.0,1311020000.0,1317885000.0,1324655000.0,1331260000.0,1337705000.0,1344130000.0,1350695000.0,1357380000.0,1.1565089462107148,1371220000.0,1378665000.0
39,10222558.0,10620267.0,11019651.0,11424260.0,11839243.0,12267754.0,12710008.0,13163019.0,13622731.0,14083611.0,14540820.0,14995249.0,15445986.0,15884552.0,16300233.0,16686561.0,17040152.0,17366517.0,17679355.0,17997738.0,18336303.0,18699435.0,19085941.0,19497986.0,19936366.0,20401331.0,20895311.0,21418603.0,21966312.0,-0.2926891630403594,23108472.0,23695919.0
40,10050023.0,10368300.0,10696274.0,11031817.0,11372160.0,11715218.0,12060729.0,12408931.0,12758881.0,13109660.0,13460994.0,13812472.0,14165423.0,14523570.0,14891891.0,15274234.0,15671927.0,16084886.0,16513822.0,16959081.0,17420795.0,17899562.0,18395389.0,18907008.0,19432541.0,19970495.0,20520447.0,21082383.0,21655715.0,-0.2930039508659533,22834522.0,23439189.0
41,29883446.0,30685824.0,31529823.0,32444156.0,33465441.0,34614581.0,35914825.0,37346147.0,38833595.0,40273701.0,41595744.0,42770544.0,43830146.0,44840529.0,45898667.0,47076387.0,48394338.0,49835756.0,51390033.0,53034217.0,54751476.0,56543011.0,58417562.0,60373608.0,62409435.0,64523263.0,66713597.0,68978682.0,71316033.0,-0.23739773985469845,76196619.0,78736153.0
42,2127770.0,2188046.0,2249146.0,2311348.0,2375008.0,2440457.0,2507772.0,2577035.0,2648507.0,2722497.0,2799255.0,2879222.0,2962470.0,3048453.0,3136344.0,3225727.0,3315806.0,3407180.0,3502519.0,3605439.0,3718243.0,3842365.0,3976246.0,4115435.0,4253712.0,4386693.0,4512730.0,4633363.0,4751393.0,-0.31176381625967536,4995648.0,5125821.0
43,31011688.0,31669776.0,32324325.0,32975535.0,33624444.0,34271565.0,34916766.0,35558682.0,36195168.0,36823537.0,37441977.0,38049038.0,38645411.0,39234062.0,39819279.0,40403958.0,40988909.0,41572491.0,42152151.0,42724163.0,43285634.0,43835722.0,44374572.0,44901544.0,45416181.0,45918097.0,46406646.0,46881475.0,47342981.0,-0.2654054910377519,48228697.0,48653419.0
44,355337.0,365760.0,376654.0,387963.0,399632.0,411594.0,423872.0,436448.0,449274.0,462277.0,475394.0,488627.0,501953.0,515385.0,528848.0,542357.0,555888.0,569479.0,583211.0,597228.0,611627.0,626425.0,641620.0,657229.0,673252.0,689692.0,706569.0,723868.0,741500.0,-0.31620483840134017,777424.0,795601.0
45,315069.0,320183.0,324893.0,329671.0,335184.0,341883.0,349934.0,359090.0,369014.0,379156.0,389127.0,398773.0,408175.0,417323.0,426285.0,435079.0,443716.0,452106.0,460147.0,467664.0,474567.0,480795.0,486438.0,491723.0,496963.0,502384.0,508067.0,513979.0,520106.0,-0.31645644313908383,532913.0,539560.0
46,2730233.0,2800986.0,2872211.0,2944557.0,3018955.0,3095995.0,3175649.0,3257466.0,3341004.0,3425690.0,3510926.0,3596732.0,3682725.0,3767373.0,3848723.0,3925443.0,3996798.0,4063204.0,4125971.0,4187038.0,4247841.0,4308794.0,4369469.0,4429508.0,4488263.0,4545280.0,4600474.0,4654122.0,4706401.0,-0.31188643452408243,4807852.0,4857274.0
47,5823242.0,5870023.0,5908886.0,5943661.0,5979907.0,6021614.0,6070204.0,6124265.0,6181538.0,6238576.0,6292827.0,6343683.0,6392040.0,6438587.0,6484510.0,6530691.0,6577216.0,6623792.0,6670276.0,6716373.0,6761932.0,6806838.0,6851221.0,6895315.0,6939534.0,6984096.0,7029022.0,7074129.0,7118888.0,-0.30928870644242346,7204948.0,7245472.0
48,10082989.0,10168087.0,10269567.0,10379548.0,10486509.0,10582081.0,10663585.0,10733363.0,10794135.0,10850585.0,10906043.0,10961012.0,11013983.0,11064097.0,11110004.0,11150736.0,11186542.0,11217998.0,11244885.0,11266941.0,11284253.0,11296233.0,11303687.0,11309754.0,11318602.0,11333051.0,11354651.0,11382146.0,11412167.0,-0.30466906770525176,11461432.0,11475982.0
49,152711.0,152662.0,151456.0,149254.0,146937.0,145400.0,144403.0,143912.0,144299.0,144630.0,145139.0,146306.0,146956.0,144472.0,139428.0,133860.0,129047.0,129205.0,131897.0,134192.0,137658.0,141239.0,144056.0,145880.0,146833.0,148703.0,150831.0,152088.0,153822.0,-0.3168566466191167,157980.0,159663.0
50,19313.0,20251.0,21339.0,22538.0,23776.0,25010.0,26213.0,27404.0,28646.0,30055.0,31672.0,33536.0,35597.0,37740.0,39808.0,41687.0,43316.0,44738.0,46028.0,47299.0,48622.0,50031.0,51483.0,52926.0,54279.0,55507.0,56579.0,57523.0,58371.0,-0.31696113125738407,59963.0,60765.0
51,703687.0,712341.0,723380.0,736479.0,751044.0,766614.0,783129.0,800609.0,818751.0,837110.0,855384.0,873423.0,891192.0,908704.0,926050.0,943286.0,960282.0,976966.0,993563.0,1010410.0,1027658.0,1045509.0,1063712.0,1081563.0,1098076.0,1112607.0,1124835.0,1135062.0,1143896.0,-0.3157804452321642,1160985.0,1170125.0
52,10337118.0,10342227.0,10347318.0,10355276.0,10361068.0,10333355.0,10308578.0,10319123.0,10329855.0,10333587.0,10327253.0,10315241.0,10304131.0,10294373.0,10283860.0,10255063.0,10216605.0,10196916.0,10193998.0,10197101.0,10211216.0,10238905.0,10298828.0,10384603.0,10443936.0,10474410.0,10496088.0,10510785.0,10514272.0,-0.305656723337786,10546059.0,10566332.0
53,77684873.0,77720436.0,77839920.0,78144619.0,78751283.0,79433029.0,80013896.0,80624598.0,81156363.0,81438348.0,81678051.0,81914831.0,82034771.0,82047195.0,82100243.0,82211508.0,82349925.0,82488495.0,82534176.0,82516260.0,82469422.0,82376451.0,82266372.0,82110097.0,81902307.0,81776930.0,80274983.0,80425823.0,80645605.0,-0.2295566773930607,81686611.0,82487842.0
54,425613.0,454361.0,490330.0,528999.0,563864.0,590398.0,606844.0,615054.0,618495.0,622366.0,630388.0,643682.0,660953.0,680612.0,700099.0,717584.0,732711.0,746221.0,758615.0,770752.0,783254.0,796208.0,809402.0,822934.0,836840.0,851146.0,865937.0,881185.0,896688.0,-0.3160398233755501,927414.0,942333.0
55,73643.0,73025.0,72370.0,71742.0,71242.0,70926.0,70842.0,70970.0,71210.0,71373.0,71368.0,71145.0,70753.0,70290.0,69903.0,69676.0,69670.0,69824.0,70093.0,70379.0,70627.0,70807.0,70950.0,71074.0,71229.0,71440.0,71718.0,72044.0,72400.0,-0.3169464355567911,73162.0,73543.0
56,5113691.0,5120534.0,5127024.0,5129516.0,5132594.0,5140939.0,5154298.0,5171370.0,5188628.0,5206180.0,5233373.0,5263074.0,5284991.0,5304219.0,5321799.0,5339616.0,5358783.0,5375931.0,5390574.0,5404523.0,5419432.0,5437272.0,5461438.0,5493621.0,5523095.0,5547683.0,5570572.0,5591572.0,5614932.0,-0.3109295830500748,5683483.0,5728010.0
57,6488856.0,6626542.0,6764624.0,6903316.0,7042937.0,7183647.0,7325622.0,7468551.0,7611465.0,7753052.0,7892423.0,8029113.0,8163472.0,8296375.0,8429112.0,8562622.0,8697126.0,8832285.0,8967760.0,9102998.0,9237566.0,9371338.0,9504353.0,9636520.0,9767758.0,9897985.0,10027095.0,10154950.0,10281296.0,-0.3057857972983891,10528394.0,10648791.0
58,22565905.0,23241272.0,23917897.0,24591492.0,25257672.0,25912367.0,26554329.0,27181094.0,27786259.0,28362253.0,28904298.0,29411415.0,29886839.0,30335732.0,30765613.0,31183660.0,31592153.0,31995046.0,32403514.0,32831096.0,33288437.0,33777915.0,34300076.0,34860715.0,35465760.0,36117637.0,36819558.0,37565847.0,38338562.0,-0.27477915543398146,39871528.0,40606052.0
59,1474560144.0,1499557433.0,1526044399.0,1552839425.0,1578979766.0,1604526531.0,1629001655.0,1651934414.0,1674021645.0,1695931771.0,1717381822.0,1738422949.0,1759201937.0,1779221744.0,1798083672.0,1815956216.0,1833033753.0,1849372891.0,1865072180.0,1880346866.0,1895491198.0,1910175449.0,1924328696.0,1938364036.0,1952308531.0,1966231608.0,1980303926.0,1994651365.0,2009173000.0,1.868900580674416,2038410865.0,2053299126.0
60,1805996283.0,1850487057.0,1895289549.0,1940220394.0,1985084059.0,2031828081.0,2076397732.0,2120566584.0,2164507899.0,2208443694.0,2252578506.0,2297015199.0,2341634408.0,2386184548.0,2430487146.0,2474600589.0,2518353223.0,2561812502.0,2605067367.0,2648271523.0,2691528375.0,2734859659.0,2778276175.0,2821797496.0,2865439651.0,2909410986.0,2953406021.0,2997066325.0,3040700765.0,3.0142270026823645,3127578757.0,3170657660.0
61,1683448852.0,1710171173.0,1738276264.0,1766656200.0,1794408757.0,1821481248.0,1847530239.0,1871898266.0,1895356643.0,1918771293.0,1941918801.0,1964635062.0,1986799860.0,2008140149.0,2028095318.0,2047150750.0,2065521837.0,2082953520.0,2099545270.0,2115556602.0,2131361829.0,2147028911.0,2162102842.0,2177421109.0,2192351452.0,2207154891.0,2221934234.0,2237082761.0,2252310372.0,2.132343338178343,2283107673.0,2298727229.0
62,372949384.0,376730350.0,380496651.0,384146656.0,387627353.0,390207446.0,391907109.0,393481005.0,394905543.0,395568548.0,396053579.0,396285161.0,396772932.0,396999014.0,397071924.0,397083969.0,396886165.0,396574307.0,396720391.0,397064999.0,397469492.0,398011334.0,398693705.0,399739094.0,401472949.0,403470694.0,405521953.0,407706585.0,410126644.0,0.12852379107383288,414975737.0,417406606.0
63,818146882.0,823155058.0,828213790.0,833315236.0,838462813.0,842848473.0,846178276.0,849656745.0,852762016.0,854723055.0,856352860.0,857652705.0,859112733.0,860236341.0,861380108.0,862304086.0,863615632.0,865196877.0,867457664.0,870030756.0,872661616.0,875343235.0,878465990.0,881965815.0,885591693.0,889016216.0,891094963.0,894666668.0,898855116.0,0.6583982172741673,907393322.0,911847278.0
64,9045979.0,9272906.0,9504129.0,9739176.0,9977377.0,10218091.0,10460990.0,10705667.0,10951202.0,11196479.0,11440583.0,11683479.0,11924993.0,12163885.0,12398691.0,12628596.0,12852755.0,13072060.0,13289601.0,13509647.0,13735233.0,13967480.0,14205453.0,14447562.0,14691275.0,14934690.0,15177355.0,15419666.0,15661547.0,-0.2998482546989817,16144368.0,16385068.0
65,50204985.0,51607703.0,53066229.0,54547296.0,56006573.0,57412215.0,58752390.0,60035536.0,61275601.0,62495745.0,63714386.0,64933456.0,66151117.0,67378056.0,68626664.0,69905988.0,71226940.0,72590118.0,73981942.0,75381899.0,76778149.0,78159048.0,79537253.0,80953881.0,82465022.0,84107606.0,85897561.0,87813257.0,89807433.0,-0.21785923454883444,93778172.0,95688681.0
66,306018719.0,306797207.0,307668322.0,308725859.0,310080079.0,311539698.0,312708142.0,314162056.0,315449104.0,316366779.0,317181449.0,318003015.0,318761764.0,319433983.0,320258902.0,321310787.0,322547880.0,324125338.0,325885964.0,327682507.0,329380413.0,330922791.0,332645166.0,334274730.0,335360887.0,336151474.0,335425830.0,336167295.0,337296876.0,0.04850933746689909,339486064.0,340762347.0
67,2753151.0,2837111.0,2924349.0,3006361.0,3071771.0,3113311.0,3127297.0,3118582.0,3099047.0,3085443.0,3090159.0,3116379.0,3161350.0,3224223.0,3302263.0,3392801.0,3497124.0,3614639.0,3738265.0,3858623.0,3969007.0,4066648.0,4153332.0,4232636.0,4310334.0,4390840.0,4474690.0,286126809.240458,289807474.5496183,0.0,297235151.2099237,300980112.54198474
68,38469512.0,38584624.0,38684815.0,38766939.0,38827764.0,38867322.0,38966376.0,39157685.0,39361262.0,39549108.0,39724050.0,39889852.0,40057389.0,40223509.0,40386875.0,40567864.0,40850412.0,41431558.0,42187645.0,42921895.0,43653155.0,44397319.0,45226803.0,45954106.0,46362946.0,46576897.0,46742697.0,46773055.0,46620045.0,-0.26682151997004305,46444832.0,46484533.0
69,1528781.0,1540190.0,1552221.0,1561900.0,1568131.0,1569174.0,1561314.0,1533091.0,1494128.0,1462514.0,1436634.0,1415594.0,1399535.0,1386156.0,1390244.0,1396985.0,1388115.0,1379350.0,1370720.0,1362550.0,1354775.0,1346810.0,1340680.0,1337090.0,1334515.0,1331475.0,1327439.0,1322696.0,1317997.0,-0.31560521579798756,1315407.0,1315790.0
70,40800343.0,42120730.0,43493283.0,44932064.0,46458913.0,48086516.0,49821083.0,51647768.0,53532956.0,55431123.0,57309880.0,59155148.0,60976450.0,62794151.0,64640054.0,66537331.0,68492257.0,70497192.0,72545144.0,74624405.0,76727083.0,78850689.0,81000409.0,83184892.0,85416253.0,87702670.0,90046756.0,92444183.0,94887724.0,-0.2118601916413448,99873033.0,102403196.0
71,470637754.0,471937316.0,473284093.0,474792549.0,476392094.0,478005307.0,478976405.0,480438474.0,482099286.0,483262845.0,484271344.0,485000716.0,485892094.0,486565871.0,487539366.0,488178832.0,489155665.0,490390251.0,492200117.0,494162543.0,496115006.0,497973712.0,499916647.0,501808477.0,503317964.0,504421126.0,504012081.0,505104333.0,506592460.0,0.23183037279439803,509670169.0,511360932.0
72,231956914.0,237300542.0,242711060.0,248333373.0,254349779.0,262862202.0,270090401.0,277863547.0,285986364.0,294177517.0,302240865.0,310098332.0,317827011.0,325374011.0,333069571.0,341295147.0,350015363.0,359110192.0,368514375.0,378123879.0,387862311.0,397732436.0,407747286.0,417919663.0,428246870.0,438737943.0,449398455.0,460228236.0,471253115.0,0.20409064533281343,493919601.0,505635987.0
73,4902206.0,4918154.0,4932123.0,4946481.0,4964371.0,4986431.0,5013740.0,5041992.0,5066447.0,5088333.0,5107790.0,5124573.0,5139835.0,5153498.0,5165474.0,5176209.0,5188008.0,5200598.0,5213014.0,5228172.0,5246096.0,5266268.0,5288720.0,5313399.0,5338871.0,5363352.0,5388272.0,5413971.0,5438972.0,-0.3111261194139588,5479531.0,5495303.0
74,711661.0,718548.0,721725.0,722917.0,724624.0,728628.0,735473.0,744531.0,755026.0,765667.0,775498.0,784476.0,792860.0,800315.0,806494.0,811223.0,814218.0,815691.0,816628.0,818354.0,821817.0,827411.0,834812.0,843340.0,851967.0,859950.0,867086.0,873596.0,879715.0,-0.31606829238012385,892149.0,898760.0
75,56795686.0,57132691.0,57482591.0,57836486.0,58182702.0,58512808.0,58559311.0,58851217.0,59106768.0,59327192.0,59541899.0,59753100.0,59964851.0,60186288.0,60496718.0,60912500.0,61357430.0,61805267.0,62244886.0,62704895.0,63179351.0,63621381.0,64016227.0,64374989.0,64707044.0,65027507.0,65342775.0,65659789.0,65998573.0,-0.24538057651179326,66624068.0,66892205.0
76,45573.0,46077.0,46621.0,47117.0,47466.0,47594.0,47457.0,47101.0,46640.0,46250.0,46040.0,46058.0,46251.0,46580.0,46937.0,47258.0,47526.0,47769.0,47974.0,48143.0,48285.0,48383.0,48448.0,48485.0,48517.0,48550.0,48608.0,48666.0,48747.0,-0.31697228858408744,48965.0,49117.0
77,85686.0,87948.0,90020.0,92021.0,94091.0,96331.0,98799.0,101413.0,103934.0,106057.0,107556.0,108344.0,108502.0,108238.0,107816.0,107432.0,107165.0,106983.0,106816.0,106577.0,106196.0,105684.0,105078.0,104478.0,103960.0,103616.0,103468.0,103503.0,103702.0,-0.31691269679452266,104433.0,104937.0
78,830085.0,853027.0,876863.0,901458.0,926622.0,952212.0,978223.0,1004676.0,1031504.0,1058663.0,1086137.0,1113994.0,1142324.0,1171224.0,1200773.0,1231122.0,1262259.0,1294409.0,1328146.0,1364205.0,1403126.0,1444844.0,1489193.0,1536411.0,1586754.0,1640210.0,1697101.0,1756817.0,1817271.0,-0.3149991040156578,1930175.0,1979786.0
79,56550268.0,56681396.0,56802050.0,56928327.0,57076711.0,57247586.0,57424897.0,57580402.0,57718614.0,57865745.0,58019030.0,58166950.0,58316954.0,58487141.0,58682466.0,58892514.0,59119673.0,59370479.0,59647577.0,59987905.0,60401206.0,60846820.0,61322463.0,61806995.0,62276270.0,62766365.0,63258918.0,63700300.0,64128226.0,-0.24723703308504885,65128861.0,65595565.0
80,4662900.0,4704500.0,4743500.0,4790700.0,4803300.0,4802000.0,4835900.0,4873500.0,4911100.0,4861600.0,4734000.0,4616100.0,4531600.0,4487300.0,4452500.0,4418300.0,4386400.0,4357000.0,4301000.0,4245000.0,4190000.0,4136000.0,4082000.0,4030000.0,3978000.0,3926000.0,3875000.0,3825000.0,3776000.0,-0.312999547976871,3717100.0,3719300.0
81,12716228.0,13104296.0,13481406.0,13854214.0,14233874.0,14628260.0,15039514.0,15463854.0,15896432.0,16330174.0,16760467.0,17185608.0,17608812.0,18036494.0,18477612.0,18938762.0,19421605.0,19924522.0,20446782.0,20986536.0,21542009.0,22113425.0,22700212.0,23298640.0,23903831.0,24512104.0,25121796.0,25733049.0,26346251.0,-0.28790305547664813,27582821.0,28206728.0
82,30207.0,30004.0,29744.0,29469.0,29262.0,29164.0,29212.0,29379.0,29623.0,29895.0,30147.0,30382.0,30594.0,30801.0,30991.0,31180.0,31374.0,31544.0,31720.0,31896.0,32085.0,32296.0,32510.0,32732.0,32956.0,33189.0,33405.0,33623.0,33831.0,-0.3169882782321529,34228.0,34408.0
83,5084767.0,5229797.0,5381483.0,5554882.0,5770652.0,6041094.0,6374329.0,6758838.0,7163236.0,7544291.0,7871173.0,8132552.0,8337988.0,8503297.0,8653769.0,8808546.0,8971139.0,9137345.0,9309848.0,9490229.0,9679745.0,9881428.0,10096727.0,10323142.0,10556524.0,10794170.0,11035170.0,11281469.0,11536615.0,-0.3042740335345705,12091533.0,12395924.0
84,732096.0,766589.0,804125.0,843050.0,881138.0,916808.0,949493.0,979718.0,1008358.0,1036829.0,1066223.0,1096708.0,1128169.0,1160944.0,1195420.0,1231844.0,1270495.0,1311349.0,1354194.0,1398573.0,1444204.0,1491021.0,1539116.0,1588572.0,1639560.0,1692149.0,1746363.0,1802125.0,1859324.0,-0.314953590115372,1977590.0,2038501.0
85,899509.0,921626.0,943617.0,965742.0,988520.0,1012280.0,1037155.0,1062800.0,1088569.0,1113541.0,1137122.0,1159060.0,1179727.0,1199915.0,1220794.0,1243229.0,1267512.0,1293523.0,1321202.0,1350345.0,1380838.0,1412669.0,1445958.0,1480841.0,1517448.0,1555880.0,1596154.0,1638139.0,1681495.0,-0.315161083989363,1770526.0,1815698.0
86,358896.0,376024.0,390173.0,402326.0,414138.0,426846.0,440624.0,455148.0,470610.0,487140.0,504871.0,523999.0,544636.0,566673.0,589938.0,614323.0,639762.0,666407.0,694611.0,724817.0,757317.0,792217.0,829327.0,868418.0,909111.0,951104.0,994290.0,1038593.0,1083746.0,-0.3158051630851754,1175389.0,1221490.0
87,9934300.0,9967213.0,10000595.0,10036983.0,10089498.0,10196792.0,10319927.0,10399061.0,10460415.0,10512922.0,10562153.0,10608800.0,10661259.0,10720509.0,10761698.0,10805808.0,10862132.0,10902022.0,10928070.0,10955141.0,10987314.0,11020362.0,11048473.0,11077841.0,11107017.0,11121341.0,11104899.0,11045011.0,10965211.0,-0.3052602591283288,10820883.0,10770521.0
88,99906.0,100143.0,99380.0,98062.0,96869.0,96283.0,96454.0,97198.0,98305.0,99405.0,100255.0,100796.0,101122.0,101309.0,101442.0,101619.0,101849.0,102100.0,102375.0,102656.0,102949.0,103259.0,103586.0,103930.0,104296.0,104677.0,105075.0,105481.0,105909.0,-0.31691016398415295,106823.0,107317.0
89,53200.0,53500.0,54100.0,54800.0,55300.0,55600.0,55500.0,55300.0,55200.0,55500.0,55800.0,55900.0,56000.0,56100.0,56100.0,56200.0,56350.0,56609.0,56765.0,56911.0,56935.0,56774.0,56555.0,56328.0,56323.0,56905.0,56890.0,56810.0,56483.0,-0.31696423867547946,56114.0,56186.0
90,8240060.0,8438604.0,8639108.0,8842575.0,9050465.0,9263813.0,9483270.0,9708544.0,9938692.0,10172297.0,10408489.0,10646674.0,10887634.0,11133501.0,11387203.0,11650743.0,11924946.0,12208848.0,12500478.0,12796925.0,13096028.0,13397008.0,13700286.0,14006366.0,14316208.0,14630417.0,14948919.0,15271056.0,15596214.0,-0.2998261701046832,16252429.0,16582469.0
91,116572.0,119232.0,121919.0,124673.0,127522.0,130482.0,133558.0,136692.0,139818.0,142802.0,145561.0,148060.0,150303.0,152277.0,153953.0,155329.0,156401.0,157175.0,157714.0,158099.0,158402.0,158648.0,158855.0,159035.0,159231.0,159444.0,159678.0,159973.0,160375.0,-0.31685118352536396,161797.0,162896.0
92,770435.0,764459.0,757506.0,750731.0,745665.0,743309.0,744289.0,748134.0,753484.0,758342.0,761291.0,761861.0,760510.0,757952.0,755278.0,753301.0,752263.0,751884.0,751857.0,751652.0,750946.0,749601.0,747869.0,746314.0,745693.0,746556.0,749100.0,753091.0,758081.0,-0.31620050940178285,768514.0,773303.0
93,961969171.0,968703210.0,975421581.0,982288521.0,989592440.0,997353719.0,1005572309.0,1011955642.0,1019867919.0,1027255147.0,1036155042.0,1043361635.0,1050343658.0,1057108847.0,1063829403.0,1070496409.0,1077634485.0,1084822681.0,1091996651.0,1099536714.0,1107240754.0,1115521566.0,1124300804.0,1133635561.0,1141986984.0,1149513780.0,1155001498.0,1161912763.0,1168863948.0,0.9531521014923534,1182932407.0,1189954263.0
94,5456200.0,5524600.0,5580500.0,5627600.0,5686200.0,5704500.0,5752000.0,5800500.0,5901000.0,6035400.0,6156100.0,6435500.0,6489300.0,6543700.0,6606500.0,6665000.0,6714300.0,6744100.0,6730800.0,6783500.0,6813200.0,6857100.0,6916300.0,6957800.0,6972800.0,7024200.0,7071600.0,7150100.0,7178900.0,-0.3092165337679177,7291300.0,7336600.0
95,4281189.0,4410158.0,4541804.0,4676361.0,4814137.0,4955328.0,5099951.0,5247836.0,5398805.0,5552625.0,5709051.0,5867849.0,6028882.0,6192026.0,6357221.0,6524283.0,6693061.0,6863157.0,7033821.0,7204153.0,7373430.0,7541406.0,7707972.0,7872658.0,8035021.0,8194778.0,8351600.0,8505646.0,8657785.0,-0.3075102987717404,8960829.0,9112867.0
96,309370058.0,317825339.0,326631480.0,335847788.0,345544609.0,355762200.0,366551884.0,377879250.0,389594161.0,401488248.0,413418810.0,425324425.0,437269757.0,449393754.0,461899663.0,474935556.0,488553040.0,502710676.0,517352559.0,532385197.0,547744433.0,563415107.0,579434057.0,595849807.0,612731524.0,630127436.0,648053253.0,666488623.0,685401960.0,0.4441632339212098,724482652.0,744602976.0
97,4701000.0,4722000.0,4740000.0,4757000.0,4767000.0,4780000.0,4510000.0,4470000.0,4640000.0,4650000.0,4669000.0,4494000.0,4572000.0,4501000.0,4554000.0,4426000.0,4440000.0,4440000.0,4440000.0,4439000.0,4442000.0,4440000.0,4436000.0,4434508.0,4429078.0,4417781.0,4280622.0,4267558.0,4255689.0,-0.3124472019802108,4203604.0,4174349.0
98,6384195.0,6527543.0,6670568.0,6813348.0,6956300.0,7099732.0,7243391.0,7386975.0,7530705.0,7674911.0,7819806.0,7965553.0,8111951.0,8258483.0,8404398.0,8549200.0,8692567.0,8834733.0,8976552.0,9119178.0,9263404.0,9409457.0,9556889.0,9705029.0,9852870.0,9999617.0,10145054.0,10289210.0,10431776.0,-0.3056058305907448,10711061.0,10847334.0
99,10648713.0,10630564.0,10612741.0,10596487.0,10481719.0,10373988.0,10373400.0,10369341.0,10357523.0,10343355.0,10328965.0,10311238.0,10290486.0,10266570.0,10237530.0,10210971.0,10187576.0,10158608.0,10129552.0,10107146.0,10087065.0,10071370.0,10055780.0,10038188.0,10022650.0,10000023.0,9971727.0,9920362.0,9893082.0,-0.30636837176576054,9843028.0,9814023.0
100,3174933340.0,3233584117.0,3293767158.0,3354131698.0,3413636633.0,3471574808.0,3527564523.0,3581733331.0,3634874959.0,3687117645.0,3738698416.0,3789573052.0,3840453295.0,3890434573.0,3939169004.0,3986056201.0,4032084834.0,4077072166.0,4121738813.0,4166120799.0,4210445216.0,4254416859.0,4297926889.0,4341646360.0,4385943437.0,4430022641.0,4474450394.0,4519551249.0,4564884790.0,4.662206430398515,4654715802.0,4699229277.0
101,3909126218.0,3988290158.0,4069534854.0,4151491690.0,4233121328.0,4313726004.0,4392785988.0,4470537757.0,4547598821.0,4623980436.0,4699923938.0,4775395704.0,4851072371.0,4925950751.0,4999779257.0,5072466723.0,5144856233.0,5216716196.0,5288758027.0,5361007541.0,5433668432.0,5506476139.0,5579375628.0,5653072235.0,5727963719.0,5803570732.0,5880130776.0,5957667513.0,6036112743.0,6.2877172076773045,6194063973.0,6273581970.0
102,734192878.0,754706041.0,775767696.0,797359992.0,819484695.0,842151196.0,865221465.0,888804426.0,912723862.0,936862791.0,961225522.0,985822652.0,1010619076.0,1035516178.0,1060610253.0,1086410522.0,1112771399.0,1139644030.0,1167019214.0,1194886742.0,1223223216.0,1252059280.0,1281448739.0,1311425875.0,1342020282.0,1373548091.0,1405680382.0,1438116264.0,1471227953.0,1.3084857349530905,1539348171.0,1574352693.0
103,245102022.0,252445129.0,259944139.0,267549711.0,275200141.0,282899816.0,290487021.0,298118128.0,305759721.0,313402026.0,321107441.0,328964394.0,336924643.0,344939833.0,352915069.0,361050467.0,369246309.0,377544104.0,385980348.0,394625729.0,403526930.0,412705870.0,422204235.0,432032769.0,442179341.0,452947421.0,463997812.0,474993526.0,486261860.0,0.2205913756476768,509396383.0,521159047.0
104,165012196.0,168402025.0,171728917.0,175000916.0,178233223.0,181436821.0,184615979.0,187766086.0,190879523.0,193945272.0,196957849.0,199914831.0,202826465.0,205715544.0,208612556.0,211540429.0,214506502.0,217508059.0,220545214.0,223614649.0,226712730.0,229838202.0,232989141.0,236159276.0,239340478.0,242524123.0,245707511.0,248883232.0,252032263.0,-0.04146054925671213,258162113.0,261115456.0
105,489090856.0,502260912.0,515823557.0,529810281.0,544284554.0,559251380.0,574734444.0,590686298.0,606964141.0,623460765.0,640118081.0,656858258.0,673694433.0,690576345.0,707695184.0,725360055.0,743525090.0,762099926.0,781038866.0,800261013.0,819696286.0,839353410.0,859244504.0,879393106.0,899840941.0,920600670.0,941682570.0,963122738.0,984966093.0,0.7708693169797148,1029951788.0,1053193646.0
106,62696.0,63441.0,64630.0,66047.0,67388.0,68429.0,69096.0,69475.0,69656.0,69818.0,70070.0,70431.0,70869.0,71390.0,71952.0,72554.0,73192.0,73870.0,74587.0,75341.0,76118.0,76914.0,77727.0,78534.0,79325.0,80072.0,80759.0,81406.0,82013.0,-0.3169358377165575,83167.0,83737.0
107,781666671.0,799181436.0,816792741.0,834489322.0,852270034.0,870133480.0,888054875.0,906021106.0,924057817.0,942204249.0,960482795.0,978893217.0,997405318.0,1015974042.0,1034539214.0,1053050912.0,1071477855.0,1089807112.0,1108027848.0,1126135777.0,1144118674.0,1161977719.0,1179681239.0,1197146906.0,1214270132.0,1230980691.0,1247236029.0,1263065852.0,1278562207.0,1.0804590671927456,1309053980.0,1324171354.0
108,192860800.70384616,196459140.65,200150038.51153848,203881157.92307693,207614745.06923077,209812053.50381678,213440543.14885497,217813174.61685824,221380360.00383142,224904908.7816092,227571453.6374046,231035160.95419848,234503832.5076336,237026054.91254753,240401830.0646388,243744630.55893537,247082758.2889734,250408739.3269962,253753261.6311787,257120399.3079848,260512777.28136882,263928461.65779468,267365106.5513308,270853035.5285171,274372483.82509506,277912712.72243345,281438924.1939163,286126809.240458,289807474.5496183,0.0,297235151.2099237,300980112.54198474
109,3538082.0,3539690.0,3540057.0,3524949.0,3511009.0,3513974.0,3534235.0,3558430.0,3576261.0,3590386.0,3608841.0,3637510.0,3674171.0,3712696.0,3754786.0,3805174.0,3866243.0,3931947.0,3996521.0,4070262.0,4159914.0,4273591.0,4398942.0,4489544.0,4535375.0,4560155.0,4576794.0,4586897.0,4598294.0,-0.31203802511486806,4646554.0,4749777.0
110,47342702.0,49256842.0,51197482.0,53075618.0,54777114.0,56226185.0,57375584.0,58260738.0,58991218.0,59725125.0,60575644.0,61583089.0,62710557.0,63900630.0,65062660.0,66131854.0,67096414.0,67983330.0,68812713.0,69617100.0,70421811.0,71227880.0,72031103.0,72845542.0,73687565.0,74567511.0,75491582.0,76453574.0,77435384.0,-0.23233402871383627,79360487.0,80277428.0
111,15576395.0,15936375.0,16290149.0,16651807.0,17040190.0,17469005.0,17942715.0,18458187.0,19011917.0,19597239.0,20208387.0,20845893.0,21509291.0,22190250.0,22878156.0,23565413.0,24251649.0,24939299.0,25627626.0,26316609.0,27008426.0,27697912.0,28390433.0,29111417.0,29894652.0,30762701.0,31727053.0,32776571.0,33883145.0,-0.2792153355334767,36115649.0,37202572.0
112,241405.0,243180.0,245859.0,249740.0,252852.0,254826.0,257797.0,261057.0,263725.0,266021.0,267468.0,268916.0,271128.0,274047.0,277381.0,281205.0,284968.0,287523.0,289521.0,292074.0,296734.0,303782.0,311566.0,317414.0,318499.0,318041.0,319014.0,320716.0,323764.0,-0.3166714360759308,330815.0,335439.0
113,4233000.0,4299000.0,4369000.0,4442000.0,4518000.0,4660000.0,4949000.0,5123000.0,5261000.0,5399000.0,5545000.0,5692000.0,5836000.0,5971000.0,6125000.0,6289000.0,6439000.0,6570000.0,6689700.0,6809000.0,6930100.0,7053700.0,7180100.0,7308800.0,7485600.0,7623600.0,7765800.0,7910500.0,8059500.0,-0.30815134929600624,8380100.0,8546000.0
114,56593071.0,56596155.0,56601931.0,56629288.0,56671781.0,56719240.0,56758521.0,56797087.0,56831821.0,56843400.0,56844303.0,56860281.0,56890372.0,56906744.0,56916317.0,56942108.0,56974100.0,57059007.0,57313203.0,57685327.0,57969484.0,58143979.0,58438310.0,58826731.0,59095365.0,59277417.0,59379449.0,59539717.0,60233948.0,-0.2513673177375319,60730582.0,60627498.0
115,2338638.0,2361720.0,2379279.0,2393534.0,2407720.0,2424242.0,2443689.0,2465362.0,2488782.0,2513049.0,2537440.0,2561993.0,2586827.0,2611367.0,2634882.0,2656864.0,2677011.0,2695446.0,2712511.0,2728777.0,2744673.0,2760279.0,2775467.0,2790122.0,2804082.0,2817210.0,2829493.0,2840992.0,2851807.0,-0.3139337316081368,2871934.0,2881355.0
116,2895985.0,3011300.0,3127917.0,3252672.0,3395023.0,3560582.0,3753433.0,3968198.0,4189431.0,4395953.0,4572904.0,4716373.0,4832267.0,4927912.0,5014899.0,5103130.0,5193482.0,5287488.0,5396774.0,5535595.0,5714111.0,5934232.0,6193191.0,6489822.0,6821116.0,7182390.0,7574943.0,7992573.0,8413464.0,-0.3075102015636665,9159302.0,9455802.0
117,120754000.0,121492000.0,122091000.0,122613000.0,123116000.0,123537000.0,123921000.0,124229000.0,124536000.0,124961000.0,125439000.0,125757000.0,126057000.0,126400000.0,126631000.0,126843000.0,127149000.0,127445000.0,127718000.0,127761000.0,127773000.0,127854000.0,128001000.0,128063000.0,128047000.0,128070000.0,127833000.0,127629000.0,127445000.0,-0.17955554440742705,127141000.0,126994511.0
118,15403006.0,15600928.0,15801753.0,15982510.0,16249500.0,16348000.0,16450500.0,16439095.0,16330419.0,16095199.0,15815626.0,15577894.0,15333703.0,15071300.0,14928426.0,14883626.0,14858335.0,14858948.0,14909018.0,15012985.0,15147029.0,15308084.0,15484192.0,15674000.0,16092701.0,16321581.0,16556600.0,16791425.0,17035275.0,-0.29835112939100145,17544126.0,17794397.0
119,19651225.0,20378626.0,21119318.0,21871442.0,22633022.0,23402507.0,24179598.0,24963953.0,25754114.0,26548486.0,27346456.0,28147734.0,28954114.0,29769803.0,30600397.0,31450483.0,32321482.0,33214009.0,34130852.0,35074931.0,36048288.0,37052050.0,38085909.0,39148416.0,40237204.0,41350152.0,42486839.0,43646629.0,44826849.0,-0.26731472349445784,47236259.0,48461567.0
120,3990300.0,4066500.0,4144600.0,4218400.0,4307500.0,4391200.0,4463600.0,4515400.0,4516700.0,4515100.0,4560400.0,4628400.0,4696400.0,4769000.0,4840400.0,4898400.0,4945100.0,4990700.0,5043300.0,5104700.0,5162600.0,5218400.0,5268400.0,5318700.0,5383300.0,5447900.0,5514600.0,5607200.0,5719600.0,-0.31072217882352965,5956900.0,6079500.0
121,7712978.0,7958976.0,8196037.0,8433798.0,8689152.0,8973342.0,9286976.0,9621504.0,9968275.0,10315376.0,10653558.0,10980273.0,11295880.0,11597739.0,11883636.0,12152354.0,12402473.0,12634729.0,12853124.0,13063377.0,13270201.0,13474489.0,13676693.0,13880509.0,14090208.0,14308740.0,14537886.0,14776866.0,15022692.0,-0.30053121918453024,15517635.0,15762370.0
122,64003.0,65518.0,67261.0,69098.0,70860.0,72412.0,73700.0,74769.0,75719.0,76671.0,77730.0,78907.0,80184.0,81550.0,82966.0,84406.0,85858.0,87343.0,88895.0,90542.0,92325.0,94260.0,96311.0,98440.0,100568.0,102652.0,104656.0,106613.0,108535.0,-0.31690573777652176,112407.0,114395.0
123,42013.0,41697.0,41351.0,41047.0,40852.0,40834.0,41013.0,41361.0,41846.0,42373.0,42891.0,43373.0,43846.0,44317.0,44824.0,45374.0,45990.0,46641.0,47306.0,47971.0,48611.0,49210.0,49783.0,50332.0,50886.0,51445.0,52006.0,52591.0,53169.0,-0.316966999384778,54288.0,54821.0
124,40805744.0,41213674.0,41621690.0,42031247.0,42449038.0,42869283.0,43295704.0,43747962.0,44194628.0,44641540.0,45092991.0,45524681.0,45953580.0,46286503.0,46616677.0,47008111.0,47370164.0,47644736.0,47892330.0,48082519.0,48184561.0,48438292.0,48683638.0,49054708.0,49307835.0,49554112.0,49936638.0,50199853.0,50428893.0,-0.2622140981275802,51014947.0,51245707.0
125,1738994.0,1836105.0,1942810.0,2038885.0,2096932.0,2099615.0,2035661.0,217813174.61685824,221380360.00383142,224904908.7816092,1610651.0,1631740.0,1715314.0,1836353.0,1957066.0,2050741.0,2109355.0,2143833.0,2169118.0,2207939.0,2276623.0,2377258.0,2503410.0,2652340.0,2818939.0,2998083.0,3191051.0,3395556.0,3598385.0,-0.31293965700245663,3935794.0,4052584.0
126,383529486.0,391419929.0,399287449.0,407145597.0,415016911.0,422914642.0,430838594.0,438771695.0,446689943.0,454561464.0,462360574.0,470084837.0,477732904.0,485282781.0,492708788.0,499996505.0,507131154.0,514126613.0,521033040.0,527919692.0,534836570.0,541798268.0,548789887.0,555795034.0,562785589.0,569737872.0,576648286.0,583515410.0,590319145.0,0.32782670970188776,603644865.0,610136397.0
127,3687898.0,3794043.0,3905163.0,4020295.0,4138408.0,4258472.0,4380073.0,4502363.0,4623280.0,4740380.0,4851923.0,4957180.0,5056519.0,5150763.0,5241284.0,5329304.0,5414568.0,5497273.0,5579656.0,5664605.0,5754026.0,5849356.0,5949787.0,6052190.0,6152036.0,6246274.0,6333487.0,6415169.0,6494557.0,-0.30992194359772784,6663967.0,6758353.0
128,2676583.0,2677280.0,2672173.0,2668585.0,2676605.0,2703016.0,2752462.0,2821862.0,2900854.0,2974640.0,3033394.0,3070960.0,3092670.0,3113951.0,3156646.0,3235366.0,3359859.0,3522837.0,3701464.0,3863267.0,3986852.0,4057350.0,4086466.0,4111047.0,4183156.0,4337141.0,4588368.0,4916404.0,5276102.0,-0.31097299833605424,5851479.0,6006668.0
129,2192555.0,2201833.0,2191023.0,2165090.0,2131525.0,2097232.0,2060267.0,2022729.0,2000248.0,2012885.0,2073482.0,2191179.0,2358469.0,2551062.0,2734518.0,2884522.0,2991132.0,3062863.0,3116233.0,3176414.0,3261230.0,3375838.0,3512932.0,3662993.0,3811528.0,3948125.0,4070167.0,4181563.0,4286291.0,-0.31228265247308573,4499621.0,4613823.0
130,3873781.0,3994591.0,4109703.0,4220418.0,4328914.0,4436661.0,4544293.0,4651004.0,4755289.0,4855003.0,4948798.0,5035884.0,5117269.0,5195502.0,5274163.0,5355751.0,5440566.0,5527515.0,5615952.0,5704759.0,5792688.0,5881435.0,5970362.0,6053078.0,6121053.0,6169140.0,6193501.0,6198258.0,6195970.0,-0.31032404911573985,6234955.0,6293253.0
131,126418.0,128619.0,131034.0,133533.0,135956.0,138185.0,140156.0,141925.0,143565.0,145247.0,147044.0,149004.0,151086.0,153183.0,155172.0,156949.0,158464.0,159763.0,160973.0,162251.0,163714.0,165407.0,167288.0,169220.0,171022.0,172580.0,173832.0,174835.0,175660.0,-0.31683449181898704,177206.0,178015.0
132,404246768.0,412413602.0,420560827.0,428701267.0,436857131.0,445044474.0,453251622.0,461466819.0,469673465.0,477832467.0,485913138.0,493920488.0,501837820.0,509664957.0,517324344.0,524829251.0,532173298.0,539373833.0,546480980.0,553565918.0,560677885.0,567826545.0,575000048.0,582186320.0,589354222.0,596479937.0,603537118.0,610547919.0,617495658.0,0.3573133542786182,631062661.0,637668677.0
133,447240981.0,459115735.0,471364938.0,484033065.0,497176877.0,510827576.0,525020368.0,539720450.0,554804181.0,570101958.0,585496175.0,600926162.0,616437048.0,632146821.0,648229112.0,664804763.0,681932226.0,699560739.0,717572892.0,735796583.0,754118072.0,772488966.0,790978141.0,809730997.0,828953320.0,848791962.0,869298106.0,890423474.0,912093996.0,0.6919864706616276,956631108.0,979387925.0
134,282952714.0,290181431.0,297743620.0,305666480.0,313976444.0,322686243.0,331828071.0,341387303.0,351272293.0,361356181.0,371552946.0,381823685.0,392209889.0,402805256.0,413745647.0,425129552.0,436993814.0,449310184.0,462034389.0,475094388.0,488440913.0,502059411.0,515977457.0,530237548.0,544900284.0,560007444.0,575572515.0,591576162.0,607987351.0,0.3577717119488119,641858608.0,659272676.0
135,27257.0,27524.0,27802.0,28095.0,28407.0,28747.0,29108.0,29497.0,29919.0,30365.0,30833.0,31325.0,31838.0,32355.0,32842.0,33286.0,33671.0,34018.0,34321.0,34596.0,34852.0,35095.0,35322.0,35541.0,35766.0,36003.0,36264.0,36545.0,36834.0,-0.316984941835039,37403.0,37666.0
136,16179796.0,16412711.0,16647945.0,16882189.0,17110713.0,17329713.0,17539633.0,17740637.0,17928576.0,18098348.0,18247121.0,18372120.0,18476505.0,18570701.0,18669103.0,18781938.0,18913054.0,19059300.0,19215307.0,19372538.0,19524558.0,19670151.0,19810789.0,19945832.0,20075086.0,20198353.0,20315017.0,20425000.0,20585000.0,-0.29459049896119627,20966000.0,21203000.0
137,1719249257.0,1760036890.0,1801159728.0,1842572071.0,1884186007.0,1927824229.0,1969598498.0,2011509898.0,2053272520.0,2094605577.0,2135719600.0,2176829052.0,2217923536.0,2258829833.0,2299561619.0,2340560455.0,2381689042.0,2422909082.0,2464278409.0,2505778340.0,2547388074.0,2589147803.0,2631091627.0,2673217147.0,2715510241.0,2758222110.0,2801003868.0,2843577252.0,2886312231.0,2.846568876402112,2971878425.0,3014788232.0
138,3884369202.0,3963410418.0,4044579519.0,4126524754.0,4208165848.0,4290749497.0,4369916316.0,4447798221.0,4525005169.0,4601536035.0,4677639331.0,4753270486.0,4829090241.0,4904057198.0,4977989187.0,5051186332.0,5123706363.0,5195709166.0,5267904657.0,5340290732.0,5413060683.0,5485959084.0,5558927442.0,5632666962.0,5707586262.0,5783367112.0,5859997307.0,5937636120.0,6016214406.0,6.266376373953952,6174437347.0,6254072964.0
139,1472192.0,1499861.0,1525460.0,1550262.0,1576022.0,1603938.0,1634517.0,1667121.0,1700362.0,1732257.0,1761359.0,1787273.0,1810453.0,1831298.0,1850527.0,1868699.0,1885955.0,1902312.0,1918097.0,1933728.0,1949543.0,1965662.0,1982287.0,1999930.0,2019209.0,2040551.0,2064166.0,2089928.0,2117361.0,-0.31470740202752345,2174645.0,2203821.0
140,1717861954.0,1743894299.0,1771336115.0,1798912093.0,1825740671.0,1851248918.0,1875124381.0,1895051479.0,1915919207.0,1936316441.0,1957770830.0,1977094618.0,1996172104.0,2014525994.0,2031620012.0,2047187331.0,2061986736.0,2075912406.0,2089475163.0,2102908619.0,2116450646.0,2129838874.0,2142907075.0,2156163629.0,2169772818.0,2182871599.0,2196126123.0,2209695204.0,2223430941.0,2.0993541020039532,2250758316.0,2264565982.0
141,3544543.0,3578914.0,3616367.0,3655049.0,3684255.0,3697838.0,3704134.0,3700114.0,3682613.0,3657144.0,3629102.0,3601613.0,3575137.0,3549331.0,3524238.0,3499536.0,3470818.0,3443067.0,3415213.0,3377075.0,3322528.0,3269909.0,3231294.0,3198231.0,3162916.0,3097282.0,3028115.0,2987773.0,2957689.0,-0.3138578229033245,2904910.0,2868231.0
142,366706.0,368355.0,370750.0,373450.0,377100.0,381850.0,387000.0,392175.0,397475.0,402925.0,408625.0,414225.0,419450.0,424700.0,430475.0,436300.0,441525.0,446175.0,451630.0,458095.0,465158.0,472637.0,479993.0,488650.0,497783.0,506953.0,518347.0,530946.0,543360.0,-0.31642416789837235,569604.0,582014.0
143,2578873.0,2599892.0,2626583.0,2653434.0,2666955.0,2663151.0,2650581.0,2614338.0,2563290.0,2520742.0,2485056.0,2457222.0,2432851.0,2410019.0,2390482.0,2367550.0,2337170.0,2310173.0,2287955.0,2263122.0,2238799.0,2218357.0,2200325.0,2177322.0,2141669.0,2097555.0,2059709.0,2034319.0,2012647.0,-0.31487157890369866,1977527.0,1959537.0
144,283581.0,295677.0,308275.0,320877.0,332901.0,343935.0,353764.0,362459.0,370345.0,377960.0,385686.0,393567.0,401564.0,409837.0,418604.0,427979.0,438081.0,448896.0,460147.0,471453.0,482559.0,493320.0,503823.0,514348.0,525313.0,536969.0,549439.0,562531.0,575841.0,-0.31638910602620934,600942.0,612167.0
145,15392.0,18337.0,21628.0,24873.0,27676.0,30036.0,31821.0,32892.0,33238.0,33098.0,32712.0,32102.0,31304.0,30358.0,29305.0,28384.0,27782.0,27450.0,27363.0,27514.0,27906.0,28414.0,28905.0,29376.0,29820.0,30235.0,30615.0,30959.0,31264.0,-0.31699098709714535,31754.0,31949.0
146,22537376.0,23023935.0,23497766.0,23961820.0,24421191.0,24879136.0,25336862.0,25791494.0,26237417.0,26667048.0,27075232.0,27460603.0,27825901.0,28175263.0,28514798.0,28849621.0,29181832.0,29512368.0,29843937.0,30179285.0,30521070.0,30869346.0,31225881.0,31596855.0,31989897.0,32409639.0,32858823.0,33333789.0,33824769.0,-0.2799584350937141,34803322.0,35276786.0
147,28835.0,29041.0,29172.0,29235.0,29312.0,29439.0,29624.0,29863.0,30138.0,30427.0,30691.0,30967.0,31251.0,31523.0,31800.0,32082.0,32360.0,32629.0,32933.0,33314.0,33793.0,34408.0,35111.0,35853.0,36534.0,37094.0,37497.0,37783.0,37971.0,-0.3169838563448805,38307.0,38499.0
148,3570000.0,3602000.0,3633000.0,3660000.0,3681000.0,3696000.0,3704000.0,3706000.0,3701000.0,3691000.0,3675099.0,3667748.0,3654208.0,3652732.0,3647001.0,3639592.0,3631462.0,3623062.0,3612874.0,3603945.0,3595187.0,3585209.0,3576910.0,3570108.0,3565604.0,3562045.0,3559986.0,3559519.0,3558566.0,-0.3131838145216505,3554108.0,3551954.0
149,10063495.0,10352120.0,10647754.0,10952395.0,11268658.0,11598633.0,11942819.0,12301336.0,12675460.0,13066543.0,13475400.0,13902688.0,14347854.0,14808791.0,15282521.0,15766806.0,16260932.0,16765117.0,17279141.0,17802997.0,18336724.0,18880268.0,19433523.0,19996469.0,20569121.0,21151640.0,21743949.0,22346573.0,22961146.0,-0.2915459410068174,24234088.0,24894551.0
150,189637.0,196357.0,203124.0,209885.0,216595.0,223215.0,229754.0,236190.0,242459.0,248433.0,254082.0,259327.0,264275.0,269206.0,274484.0,280384.0,287027.0,294341.0,302209.0,310423.0,318836.0,327371.0,336070.0,345054.0,354501.0,364511.0,375131.0,386203.0,397397.0,-0.3165840989418979,418403.0,427756.0
151,219095273.0,226161475.0,233285188.0,240367135.0,247283550.0,255989130.0,262659662.0,267020622.0,273204804.0,279279333.0,286917385.0,292934005.0,298982946.0,305001541.0,311053183.0,317129227.0,323196354.0,329289435.0,335522845.0,342046777.0,348956287.0,356287693.0,363996317.0,371999662.0,380192587.0,388376106.0,396573248.0,404782447.0,412950407.0,0.1377173958747031,428961724.0,436720093.0
152,77360707.0,78934125.0,80503052.0,82083919.0,83697891.0,85357874.0,87071512.0,88828310.0,90600453.0,92349147.0,94045579.0,95687452.0,97281739.0,98821456.0,100300579.0,101719673.0,103067068.0,104355608.0,105640453.0,106995583.0,108472228.0,110092378.0,111836346.0,113661809.0,115505228.0,117318941.0,119090017.0,120828307.0,122535969.0,-0.18285457041737055,125890949.0,127540423.0
153,38333.0,40204.0,42153.0,44063.0,45814.0,47298.0,48475.0,49378.0,50048.0,50575.0,51015.0,51401.0,51692.0,51925.0,52079.0,52159.0,52183.0,52158.0,52116.0,52074.0,52055.0,52078.0,52137.0,52218.0,52320.0,52425.0,52542.0,52663.0,52793.0,-0.31696790774022404,52994.0,53066.0
154,3601416488.0,3673228987.0,3746835899.0,3820858274.0,3894189404.0,3968063254.0,4038088245.0,4106410918.0,4173732876.0,4240179854.0,4306086385.0,4371446801.0,4436880352.0,4501251942.0,4564243540.0,4626056780.0,4686712549.0,4746398982.0,4805870268.0,4865196344.0,4924619770.0,4983899673.0,5042949985.0,5102429414.0,5162685978.0,5223359668.0,5284424792.0,5346059958.0,5408227055.0,5.591579619679441,5532578739.0,5594800288.0
155,1981534.0,1987538.0,1992274.0,1995513.0,1996870.0,1996228.0,1993302.0,1988659.0,1984028.0,1981703.0,1983252.0,1989443.0,1999599.0,2012057.0,2024394.0,2034819.0,2042842.0,2048928.0,2053426.0,2057047.0,2060272.0,2063145.0,2065458.0,2067378.0,2069093.0,2070739.0,2072383.0,2074036.0,2075739.0,-0.3147811613538131,2079308.0,2081206.0
156,7831889.0,7955164.0,8067758.0,8180728.0,8309531.0,8465188.0,8652514.0,8868263.0,9105472.0,9353385.0,9604450.0,9856810.0,10114094.0,10380835.0,10663723.0,10967690.0,11293258.0,11638929.0,12005128.0,12391906.0,12798763.0,13227064.0,13675606.0,14138216.0,14606597.0,15075085.0,15540989.0,16006670.0,16477818.0,-0.29870364691034185,17467905.0,17994837.0
157,336452.0,342121.0,344485.0,347325.0,350722.0,354170.0,363845.0,367618.0,371308.0,374797.0,377419.0,379905.0,382791.0,385287.0,387578.0,390087.0,393028.0,395969.0,398582.0,401268.0,403834.0,405308.0,406724.0,409379.0,412477.0,414508.0,416268.0,419455.0,423374.0,-0.31656345086691356,431874.0,437418.0
158,37222296.0,37957332.0,38673241.0,39362142.0,40014862.0,40626250.0,41190156.0,41711465.0,42209778.0,42712223.0,43237792.0,43793310.0,44371525.0,44959935.0,45539435.0,46095462.0,46627994.0,47140220.0,47624894.0,48073707.0,48482614.0,48846474.0,49171586.0,49479752.0,49800690.0,50155896.0,50553031.0,50986514.0,51448196.0,-0.26094226765209994,52403669.0,52885223.0
159,195917732.0,201950420.0,208051337.0,214140741.0,220121789.0,227903820.0,233582274.0,239062651.0,244395451.0,249660649.0,254918217.0,260190124.0,265463944.0,270672291.0,275840061.0,280955290.0,286016125.0,291051001.0,296114536.0,301278295.0,306595214.0,312079307.0,317721161.0,323531149.0,329488935.0,335581557.0,341822043.0,348195697.0,354641044.0,0.07297158670825285,367449306.0,373719055.0
160,605398.0,607711.0,608144.0,607413.0,606571.0,606372.0,607105.0,608516.0,610170.0,611389.0,611712.0,611003.0,609520.0,607662.0,606001.0,604950.0,607389.0,609828.0,612267.0,613353.0,614261.0,615025.0,615875.0,616969.0,618294.0,619428.0,620079.0,620601.0,621207.0,-0.31635343174318076,622159.0,622303.0
161,1921881.0,1976309.0,2033343.0,2089714.0,2141008.0,2184145.0,2217918.0,2243502.0,2263200.0,2280496.0,2298039.0,2316567.0,2335695.0,2355590.0,2376162.0,2397436.0,2419776.0,2443659.0,2469286.0,2496832.0,2526446.0,2558012.0,2591670.0,2628131.0,2668289.0,2712650.0,2761516.0,2814226.0,2869107.0,-0.3138669723432571,2976877.0,3027398.0
162,29092.0,31802.0,34480.0,37134.0,39808.0,42538.0,45249.0,47919.0,50602.0,53380.0,56278.0,59364.0,62528.0,65474.0,67755.0,69094.0,69388.0,68763.0,67422.0,65663.0,63744.0,61688.0,59513.0,57431.0,55674.0,54424.0,53786.0,53718.0,54036.0,-0.31696621199937947,54816.0,55023.0
163,12984405.0,13034385.0,13020861.0,13002553.0,13059613.0,13247649.0,13591970.0,14071231.0,14636995.0,15217044.0,15759132.0,16248232.0,16701351.0,17136780.0,17584869.0,18067687.0,18588758.0,19139658.0,19716598.0,20312705.0,20923070.0,21547463.0,22188387.0,22846758.0,23524063.0,24221405.0,24939005.0,25676606.0,26434372.0,-0.28763322854540857,28010691.0,28829476.0
164,1769942.0,1819954.0,1870978.0,1923002.0,1976030.0,2030140.0,2085202.0,2141445.0,2199791.0,2261403.0,2327075.0,2397245.0,2471598.0,2549223.0,2628803.0,2709359.0,2790729.0,2873228.0,2957117.0,3042823.0,3130720.0,3220653.0,3312665.0,3407541.0,3506288.0,3609543.0,3717672.0,3830239.0,3946170.0,-0.3126356441518088,4182341.0,4301018.0
165,1020528.0,1028360.0,1036082.0,1043239.0,1051260.0,1058775.0,1070266.0,1084441.0,1097374.0,1112846.0,1122457.0,1133996.0,1148284.0,1160421.0,1175267.0,1186873.0,1196287.0,1204621.0,1213370.0,1221003.0,1228254.0,1233996.0,1239630.0,1244121.0,1247429.0,1250400.0,1252404.0,1255882.0,1258653.0,-0.3156631204874254,1262605.0,1263473.0
166,7211105.0,7625305.0,8120093.0,8636935.0,9094671.0,9437553.0,9641153.0,9729717.0,9755857.0,9796976.0,9909088.0,10109789.0,10381862.0,10704744.0,11044356.0,11376172.0,11695863.0,12013711.0,12336687.0,12676038.0,13039711.0,13429262.0,13840969.0,14271234.0,14714602.0,15167095.0,15627618.0,16097305.0,16577147.0,-0.2985891660418093,17573607.0,18091575.0
167,15598942.0,16045047.0,16525108.0,17027588.0,17535971.0,18038321.0,18529454.0,19012724.0,19494967.0,19986894.0,20495597.0,21023321.0,21565325.0,22113464.0,22656286.0,23185608.0,23698907.0,24198811.0,24688703.0,25174109.0,25659393.0,26143566.0,26625845.0,27111069.0,27605383.0,28112289.0,28635128.0,29170456.0,29706724.0,-0.28437607221306965,30723155.0,31187265.0
168,263922898.0,266394382.0,268896849.0,271452347.0,274256841.0,277473326.0,281211703.0,285092192.0,288811320.0,292297226.0,295691746.0,299126029.0,302704697.0,306162843.0,309600485.0,312993944.0,316113359.0,319050105.0,321847258.0,324864038.0,327892753.0,331014940.0,334184023.0,337405012.0,340465736.0,343418591.0,346070702.0,348813722.0,351422279.0,0.06550378812910346,356794381.0,359457493.0
169,1148302.0,1193592.0,1245990.0,1302741.0,1359933.0,1414692.0,1465740.0,1513721.0,1559983.0,1606718.0,1655359.0,1706489.0,1758994.0,1810566.0,1858042.0,1899257.0,1933596.0,1962147.0,1986535.0,2009228.0,2032196.0,2055734.0,2079915.0,2106375.0,2137040.0,2173170.0,2215621.0,2263934.0,2316520.0,-0.3144641582642242,2425561.0,2479713.0
170,154450.0,157350.0,160500.0,163650.0,166898.0,170899.0,175362.0,179799.0,184496.0,189482.0,193816.0,197564.0,201418.0,205279.0,209214.0,213230.0,217324.0,221490.0,225000.0,228000.0,231000.0,235000.0,238000.0,242000.0,245000.0,250000.0,254000.0,259000.0,263000.0,-0.3167355782834434,272000.0,277000.0
171,6915927.0,7116744.0,7323969.0,7540253.0,7768995.0,8012861.0,8272976.0,8549424.0,8842415.0,9151763.0,9477333.0,9819964.0,10180061.0,10556549.0,10947829.0,11352973.0,11771976.0,12206002.0,12656870.0,13127012.0,13618449.0,14132064.0,14668338.0,15228525.0,15813913.0,16425578.0,17064636.0,17731634.0,18426372.0,-0.29634324802073075,19896965.0,20672987.0
172,83613300.0,85818502.0,88101628.0,90450281.0,92844353.0,95269988.0,97726323.0,100221563.0,102761737.0,105355783.0,108011465.0,110732904.0,113522705.0,116385750.0,119327073.0,122352009.0,125463434.0,128666710.0,131972533.0,135393616.0,138939478.0,142614094.0,146417024.0,150347390.0,154402181.0,158578261.0,162877076.0,167297284.0,171829303.0,-0.12643186991026942,181181744.0,185989640.0
173,3709091.0,3796917.0,3882943.0,3968454.0,4055265.0,4144565.0,4236801.0,4331277.0,4426580.0,4520725.0,4612228.0,4700779.0,4786640.0,4869626.0,4949660.0,5026796.0,5100750.0,5171734.0,5240879.0,5309703.0,5379328.0,5450211.0,5522106.0,5594506.0,5666581.0,5737723.0,5807820.0,5877108.0,5945747.0,-0.31052938605058017,6082035.0,6149928.0
174,14491632.0,14572278.0,14665037.0,14760094.0,14848907.0,14951510.0,15069798.0,15184166.0,15290368.0,15382838.0,15459006.0,15530498.0,15610650.0,15707209.0,15812088.0,15925513.0,16046180.0,16148929.0,16225302.0,16281779.0,16319868.0,16346101.0,16381696.0,16445593.0,16530388.0,16615394.0,16693074.0,16754962.0,16804432.0,-0.29880932072737987,16939923.0,17030314.0
175,4152516.0,4167354.0,4186905.0,4209488.0,4226901.0,4241473.0,4261732.0,4286401.0,4311991.0,4336613.0,4359184.0,4381336.0,4405157.0,4431464.0,4461913.0,4490967.0,4513751.0,4538159.0,4564855.0,4591910.0,4623291.0,4660677.0,4709153.0,4768212.0,4828726.0,4889252.0,4953088.0,5018573.0,5079623.0,-0.31147637090508784,5190239.0,5236151.0
176,16723956.0,17101136.0,17480921.0,17873667.0,18293514.0,18749406.0,19245054.0,19773772.0,20321175.0,20867130.0,21396384.0,21903379.0,22389803.0,22856305.0,23305994.0,23740911.0,24161777.0,24566342.0,24950623.0,25309449.0,25640287.0,25940618.0,26214847.0,26475859.0,26741103.0,27023137.0,27327147.0,27649925.0,27985310.0,-0.2864334011703497,28656282.0,28982771.0
177,8174.0,8356.0,8550.0,8752.0,8956.0,9157.0,9354.0,9544.0,9719.0,9863.0,9970.0,10033.0,10056.0,10054.0,10044.0,10042.0,10053.0,10073.0,10096.0,10113.0,10115.0,10101.0,10075.0,10047.0,10028.0,10025.0,10057.0,10279.0,10821.0,-0.3170122400223672,12475.0,13049.0
178,3247100.0,3246300.0,3274400.0,3283400.0,3299200.0,3329800.0,3495100.0,3531700.0,3572200.0,3620000.0,3673400.0,3732000.0,3781300.0,3815000.0,3835100.0,3857700.0,3880500.0,3948500.0,4027200.0,4087500.0,4133900.0,4184600.0,4223800.0,4259800.0,4302600.0,4350700.0,4384000.0,4408100.0,4442100.0,-0.3121541617609259,4595700.0,4693200.0
179,1027839846.0,1035732254.0,1043574007.0,1051552697.0,1060038063.0,1069095267.0,1078768055.0,1088596984.0,1097985090.0,1106885535.0,1115600405.0,1124083114.0,1132508272.0,1140597136.0,1148685955.0,1156568672.0,1164785028.0,1173046153.0,1181328844.0,1189684724.0,1198065127.0,1206821081.0,1215883020.0,1225426691.0,1234203233.0,1242391518.0,1248769314.0,1256613484.0,1264720693.0,1.0580849035432514,1281415538.0,1289872625.0
180,1498417.0,1561185.0,1619864.0,1678116.0,1741160.0,1812160.0,1893771.0,1983277.0,2072111.0,2148428.0,2204283.0,2236666.0,2249773.0,2251875.0,2254918.0,2267991.0,2294787.0,2334285.0,2385255.0,2444751.0,2511269.0,2582991.0,2662762.0,2759014.0,2882942.0,3041460.0,3237268.0,3464644.0,3711481.0,-0.31274688799148076,4199810.0,4424762.0
181,15397918.0,15805945.0,16230440.0,16657359.0,17075243.0,17470899.0,17850910.0,18191020.0,18507861.0,18829542.0,19149327.0,19478909.0,19820997.0,20170823.0,20549707.0,20939372.0,21324121.0,21722065.0,22141340.0,22600520.0,23112789.0,23681565.0,24300791.0,24955735.0,25615419.0,26267053.0,26900149.0,27529022.0,28150486.0,-0.28595429065646977,29383324.0,29994562.0
182,92219488.0,95264460.0,98357473.0,101474835.0,104588490.0,107678614.0,110730420.0,113747135.0,116749560.0,119769556.0,122829148.0,125938339.0,129086987.0,132253264.0,135405584.0,138523285.0,141601437.0,144654143.0,147703401.0,150780300.0,153909667.0,157093993.0,160332974.0,163644603.0,167049580.0,170560182.0,174184265.0,177911533.0,181712595.0,-0.11661843942802276,189380513.0,193203476.0
183,2219276.0,2268574.0,2318332.0,2368618.0,2419491.0,2471009.0,2523181.0,2576018.0,2629644.0,2684183.0,2739730.0,2796344.0,2853941.0,2912328.0,2971197.0,3030347.0,3089684.0,3149265.0,3209174.0,3269541.0,3330465.0,3391905.0,3453807.0,3516268.0,3579385.0,3643222.0,3707782.0,3772938.0,3838462.0,-0.31280838721947324,3969249.0,4034119.0
184,19544956.0,19996253.0,20451710.0,20909895.0,21368859.0,21826658.0,22283128.0,22737056.0,23184228.0,23619356.0,24038760.0,24441074.0,24827406.0,25199748.0,25561299.0,25914879.0,26261363.0,26601467.0,26937738.0,27273194.0,27610410.0,27949944.0,28292724.0,28641980.0,29001507.0,29373646.0,29759989.0,30158966.0,30565716.0,-0.28357104138895584,31376671.0,31773839.0
185,54323648.0,55804072.0,57313311.0,58845205.0,60391867.0,61947348.0,63508459.0,65075486.0,66650247.0,68236230.0,69835715.0,71446107.0,73064764.0,74693695.0,76335812.0,77991569.0,79665315.0,81352060.0,83031954.0,84678493.0,86274237.0,87809419.0,89293490.0,90751864.0,92220879.0,93726624.0,95277940.0,96866642.0,98481032.0,-0.20890563324213376,101716359.0,103320222.0
186,13696.0,13985.0,14240.0,14490.0,14757.0,15088.0,15474.0,15894.0,16342.0,16806.0,17253.0,17691.0,18123.0,18524.0,18879.0,19175.0,19404.0,19574.0,19700.0,19804.0,19906.0,20012.0,20116.0,20228.0,20342.0,20470.0,20599.0,20758.0,20920.0,-0.317002258913358,21288.0,21503.0
187,3794720.0,3895852.0,3997702.0,4100729.0,4205654.0,4313059.0,4423007.0,4535520.0,4651169.0,4770606.0,4894276.0,5022437.0,5154910.0,5291178.0,5430479.0,5572222.0,5716152.0,5862316.0,6010724.0,6161517.0,6314709.0,6470272.0,6627922.0,6787187.0,6947447.0,7108239.0,7269348.0,7430836.0,7592865.0,-0.30864809875493865,7919825.0,8084991.0
188,37201885.0,37456119.0,37668045.0,37824487.0,37961529.0,38110782.0,38246193.0,38363667.0,38461408.0,38542652.0,38594998.0,38624370.0,38649660.0,38663481.0,38660271.0,38258629.0,38248076.0,38230364.0,38204570.0,38182222.0,38165445.0,38141267.0,38120560.0,38125759.0,38151603.0,38042794.0,38063255.0,38063164.0,38040196.0,-0.2759689584964427,37986412.0,37970087.0
189,364199513.0,373930490.0,383984828.0,394465713.0,405497636.0,417158756.0,429531376.0,442573477.0,456086696.0,469790790.0,483495980.0,497126039.0,510777895.0,524647448.0,539018066.0,554097477.0,569959700.0,586553190.0,603809871.0,621611464.0,639876871.0,658586521.0,677788806.0,697549138.0,717959651.0,739082260.0,760942116.0,783505835.0,806705375.0,0.5799276114958849,854646007.0,879292453.0
190,3377000.0,3409554.0,3441850.0,3473898.0,3505650.0,3537000.0,3562110.0,3585176.0,3615497.0,3649237.0,3683103.0,3724655.0,3759430.0,3781101.0,3800081.0,3810605.0,3818774.0,3823701.0,3826095.0,3826878.0,3821362.0,3805214.0,3782995.0,3760866.0,3740410.0,3721525.0,3678732.0,3634488.0,3593077.0,-0.31320706129247683,3473181.0,3411307.0
191,18877238.0,19156795.0,19431986.0,19708323.0,19993755.0,20293054.0,20609150.0,20937404.0,21265834.0,21577982.0,21862299.0,22113548.0,22335638.0,22537336.0,22731985.0,22929075.0,23131810.0,23336681.0,23538540.0,23729498.0,23904167.0,24061097.0,24203289.0,24335146.0,24463021.0,24591599.0,24722298.0,24854034.0,24985976.0,-0.28989711709908056,25243917.0,25368620.0
192,10023613.0,10032734.0,10030031.0,10019610.0,10005000.0,9983218.0,9960235.0,9952494.0,9964675.0,9991525.0,10026176.0,10063945.0,10108977.0,10160196.0,10217828.0,10289898.0,10362722.0,10419631.0,10458821.0,10483861.0,10503330.0,10522288.0,10542964.0,10558177.0,10568247.0,10573100.0,10557560.0,10514844.0,10457295.0,-0.3057909622873819,10358076.0,10325452.0
193,3671826.0,3777763.0,3885436.0,3994331.0,4103911.0,4213742.0,4323410.0,4432736.0,4541902.0,4651225.0,4760850.0,4870694.0,4980344.0,5089310.0,5196937.0,5302700.0,5406624.0,5508611.0,5607950.0,5703740.0,5795494.0,5882796.0,5966159.0,6047117.0,6127837.0,6209877.0,6293783.0,6379219.0,6465740.0,-0.30994766377398986,6639119.0,6725308.0
194,192860800.70384616,196459140.65,200150038.51153848,203881157.92307693,207614745.06923077,1978248.0,2068845.0,2163591.0,2262676.0,2366298.0,2474666.0,2587997.0,2706518.0,2776568.0,2848431.0,2922153.0,2997784.0,3075373.0,3154969.0,3236626.0,3320396.0,3406334.0,3494496.0,3596688.0,3702218.0,3811102.0,3927051.0,4046901.0,4169506.0,-0.31238640049017097,4422143.0,4551566.0
195,1585015.0,1609919.0,1631156.0,1650642.0,1671078.0,1694410.0,1721268.0,1750900.0,1782065.0,1812883.0,1841945.0,1869030.0,1894563.0,1918749.0,1941852.0,1964221.0,1985713.0,2006441.0,2027202.0,2049012.0,2072666.0,2098522.0,2126308.0,2155439.0,2184920.0,2214096.0,2242763.0,2271298.0,2300045.0,-0.3145090187102355,2358955.0,2388875.0
196,936391539.0,941637615.0,946964644.0,952508537.0,958458726.0,964601905.0,970905787.0,977731114.0,984287544.0,989994337.0,995414348.0,1000643919.0,1005863664.0,1010698895.0,1015607144.0,1020591853.0,1025668441.0,1030742327.0,1035918962.0,1041303140.0,1046610820.0,1052236684.0,1058174510.0,1064603304.0,1070107590.0,1075140980.0,1078083258.0,1082731938.0,1087577484.0,0.8631065712259537,1097600621.0,1102651400.0
197,175204.0,180075.0,184950.0,189738.0,194252.0,198375.0,202016.0,205266.0,208345.0,211579.0,215196.0,219283.0,223731.0,228376.0,232952.0,237258.0,241273.0,245006.0,248499.0,251775.0,254886.0,257832.0,260594.0,263179.0,265581.0,267820.0,269843.0,271703.0,273528.0,-0.31672749489205443,277690.0,280208.0
198,371081.0,397932.0,422341.0,443794.0,461870.0,476445.0,487491.0,495517.0,501566.0,507095.0,513455.0,522304.0,534608.0,550430.0,569447.0,592267.0,616886.0,645659.0,688586.0,758855.0,864863.0,1010382.0,1189633.0,1389342.0,1590780.0,1779676.0,1952054.0,2109568.0,2250473.0,-0.31446045679678836,2481539.0,2569804.0
199,22755427.0,22859269.0,22949430.0,23057662.0,23161458.0,23201835.0,23001155.0,22794284.0,22763280.0,22730211.0,22684270.0,22619004.0,22553978.0,22507344.0,22472040.0,22442971.0,22131970.0,21730496.0,21574326.0,21451748.0,21319685.0,21193760.0,20882982.0,20537875.0,20367487.0,20246871.0,20147528.0,20058035.0,19983693.0,-0.295521558973021,19815481.0,19699312.0
200,143858000.0,144894000.0,145908000.0,146857000.0,147721000.0,148292000.0,148624000.0,148689000.0,148520000.0,148336000.0,148375726.0,148160042.0,147915307.0,147670692.0,147214392.0,146596557.0,145976083.0,145306046.0,144648257.0,144067054.0,143518523.0,143049528.0,142805088.0,142742350.0,142785342.0,142849449.0,142960868.0,143201676.0,143506911.0,-0.16168690099666946,144096870.0,144342396.0
201,6120107.0,6407672.0,6732131.0,7030179.0,7216028.0,7235798.0,7051759.0,6701851.0,6299909.0,6005095.0,5928078.0,6115168.0,6522382.0,7059813.0,7593239.0,8025703.0,8329406.0,8536205.0,8680346.0,8818438.0,8991735.0,9206580.0,9447402.0,9708169.0,9977446.0,10246842.0,10516071.0,10788853.0,11065151.0,-0.3047710389747642,11629553.0,11917508.0
202,1012429641.0,1035982524.0,1059829211.0,1083963380.0,1108386444.0,1133089464.0,1158058109.0,1183253534.0,1208612942.0,1234059205.0,1259530819.0,1284978193.0,1310387887.0,1335777637.0,1361185289.0,1386625845.0,1412104373.0,1437568227.0,1462906674.0,1487975237.0,1512670560.0,1536943534.0,1560818860.0,1584359049.0,1607663899.0,1630806784.0,1653798614.0,1676615491.0,1699310450.0,1.5427250333610592,1744199944.0,1766393714.0
203,13189115.0,13869012.0,14525660.0,15155223.0,15755944.0,16326815.0,16867829.0,17378833.0,17859750.0,18311090.0,18735841.0,19131578.0,19505576.0,19882458.0,20294406.0,20764312.0,21303592.0,21906308.0,22556425.0,23228890.0,23905654.0,24578301.0,25252569.0,25940770.0,26661492.0,27425676.0,28238020.0,29086357.0,29944476.0,-0.2837834215887945,31557144.0,32275687.0
204,17210187.0,17757169.0,18302587.0,18866319.0,19475609.0,20147590.0,20893625.0,21701476.0,22535937.0,23347885.0,24102986.0,24786190.0,25410451.0,26003542.0,26607042.0,27250535.0,27945005.0,28679565.0,29435944.0,30186341.0,30911914.0,31607064.0,32282526.0,32955496.0,33650619.0,34385963.0,35167314.0,35990192.0,36849918.0,-0.2762647108209892,38647803.0,39578828.0
205,6484738.0,6686159.0,6893896.0,7107976.0,7328600.0,7555617.0,7789653.0,8029725.0,8272170.0,8512173.0,8746606.0,8974077.0,9196528.0,9418393.0,9645957.0,9884052.0,10134497.0,10396861.0,10670990.0,10955944.0,11251266.0,11556763.0,11873557.0,12203957.0,12550917.0,12916229.0,13300910.0,13703513.0,14120320.0,-0.3013139375154168,14976994.0,15411614.0
206,2735957.0,2733373.0,2774789.0,2846108.0,2930901.0,3047132.0,3135083.0,3230698.0,3313471.0,3419048.0,3524506.0,3670704.0,3796038.0,3927213.0,3958723.0,4027887.0,4138012.0,4175950.0,4114826.0,4166664.0,4265762.0,4401365.0,4588599.0,4839396.0,4987573.0,5076732.0,5183688.0,5312437.0,5399162.0,-0.311117249717261,5535002.0,5607283.0
207,270801.0,278838.0,286863.0,294964.0,303253.0,311840.0,320753.0,329953.0,339456.0,349225.0,359225.0,369469.0,379947.0,390643.0,401538.0,412609.0,423853.0,435262.0,446769.0,458324.0,469885.0,481422.0,492940.0,504477.0,516079.0,527790.0,539614.0,551531.0,563513.0,-0.3164034463772878,587482.0,599419.0
208,3799550.0,3912438.0,4034668.0,4152984.0,4249468.0,4312246.0,4337239.0,4331332.0,4307299.0,4283621.0,4274819.0,4282350.0,4305455.0,4353646.0,4437803.0,4564297.0,4739147.0,4957216.0,5199549.0,5439695.0,5658379.0,5848692.0,6015417.0,6165372.0,6310260.0,6458720.0,6611692.0,6766103.0,6922079.0,-0.30937891229472586,7237025.0,7396190.0
209,4923860.0,4988943.0,5053714.0,5119035.0,5185943.0,5254984.0,5326657.0,5400331.0,5474000.0,5544945.0,5611115.0,5671925.0,5727755.0,5778706.0,5825187.0,5867626.0,5905962.0,5940303.0,5971535.0,6000775.0,6028961.0,6056478.0,6083475.0,6110301.0,6137276.0,6164626.0,6192560.0,6221246.0,6250777.0,-0.3102407947208104,6312478.0,6344722.0
210,22708.0,22961.0,23210.0,23466.0,23740.0,24043.0,24386.0,24749.0,25141.0,25516.0,25877.0,26209.0,26508.0,26799.0,27096.0,27418.0,27762.0,28121.0,28494.0,28866.0,29240.0,29614.0,29977.0,30351.0,30723.0,31110.0,31504.0,31914.0,32303.0,-0.3169897698360423,32960.0,33203.0
211,6791716.0,6887372.0,7018109.0,7165295.0,7298417.0,7397347.0,7455936.0,7488544.0,7519811.0,7583954.0,7704894.0,7892389.0,8137475.0,8422372.0,8720231.0,9011479.0,9290823.0,9564167.0,9836397.0,10116228.0,10409925.0,10718317.0,11038596.0,11369276.0,11707990.0,12053223.0,12404725.0,12763776.0,13132349.0,-0.302429655064496,13908129.0,14317996.0
212,192860800.70384616,196459140.65,200150038.51153848,203881157.92307693,207614745.06923077,7586000.0,7595636.0,7646424.0,7699307.0,7734639.0,7625357.0,7617794.0,7596501.0,7567745.0,7540401.0,7516346.0,7503433.0,7496522.0,7480591.0,7463157.0,7440769.0,7411569.0,7381579.0,7350222.0,7320807.0,7291436.0,7234099.0,7199077.0,7164132.0,-0.3093233805623806,7095383.0,7058322.0
213,444982815.0,457769762.0,470870472.0,484288955.0,498033585.0,512107594.0,526528575.0,541294922.0,556379645.0,571754398.0,587394320.0,603309222.0,619530637.0,636103731.0,653099453.0,670568507.0,688534793.0,707016127.0,726057836.0,745705643.0,765997649.0,786951192.0,808575133.0,830878600.0,853866359.0,877538597.0,901902485.0,926951572.0,952644123.0,0.7403034608060104,1005756630.0,1033118066.0
214,5450424.0,5565545.0,5666078.0,5741235.0,5777498.0,5768481.0,5705378.0,5599814.0,5490915.0,5431738.0,5459519.0,5591114.0,5814006.0,6099923.0,6405864.0,6700656.0,6974442.0,7237276.0,7501642.0,7787655.0,8108877.0,8468152.0,8856800.0,9263136.0,9670667.0,10067192.0,10448857.0,10818258.0,11177490.0,-0.3045705592033493,11882136.0,12230730.0
215,445048059.0,457835414.0,470938971.0,484357710.0,498102752.0,512177101.0,526599014.0,541365685.0,556451898.0,571828603.0,587469624.0,603385639.0,619607956.0,636182577.0,653179863.0,670649638.0,688615995.0,707099850.0,726140617.0,745788118.0,766080507.0,787035792.0,808660166.0,830965556.0,853953657.0,877628367.0,901989926.0,927039875.0,952734072.0,0.7404021367218179,1005850049.0,1033212743.0
216,22806175.0,23285887.0,23770482.0,24251662.0,24726228.0,25186923.0,25642382.0,26066185.0,26471464.0,26881001.0,27284099.0,27691622.0,28107600.0,28528159.0,28976069.0,29434284.0,29887050.0,30352298.0,30838818.0,31365905.0,31947387.0,32586925.0,33278320.0,34006489.0,34739873.0,35465245.0,36171934.0,36874449.0,37569419.0,-0.27570193115773123,38947227.0,39628909.0
217,103634.0,105474.0,107415.0,109470.0,111627.0,113893.0,116294.0,118816.0,121407.0,123973.0,126454.0,128821.0,131107.0,133418.0,135886.0,138606.0,141622.0,144889.0,148372.0,151969.0,155630.0,159328.0,163101.0,166913.0,170813.0,174776.0,178800.0,182889.0,187045.0,-0.3168184578872435,195553.0,199910.0
218,371470.0,376867.0,383654.0,391391.0,399492.0,407472.0,415216.0,422763.0,430039.0,437037.0,443724.0,450036.0,455954.0,461560.0,467003.0,472390.0,477740.0,483044.0,488332.0,493630.0,498946.0,504307.0,509705.0,515148.0,520619.0,526103.0,531589.0,537077.0,542540.0,-0.3164332309311282,553208.0,558368.0
219,5161768.0,5193838.0,5222840.0,5250596.0,5275942.0,5299187.0,5303294.0,5305016.0,5325305.0,5346331.0,5361999.0,5373361.0,5383291.0,5390516.0,5396020.0,5388720.0,5378867.0,5376912.0,5373374.0,5372280.0,5372807.0,5373054.0,5374622.0,5379233.0,5386406.0,5391428.0,5398384.0,5407579.0,5413393.0,-0.3111724152991946,5423801.0,5430798.0
220,1941641.0,1965964.0,1989776.0,1995196.0,1996351.0,1998161.0,1999429.0,1996498.0,1991746.0,1989443.0,1989872.0,1988628.0,1985956.0,1981629.0,1983045.0,1988925.0,1992060.0,1994530.0,1995733.0,1997012.0,2000474.0,2006868.0,2018122.0,2021316.0,2039669.0,2048583.0,2052843.0,2057159.0,2059953.0,-0.31479791894566234,2063531.0,2065042.0
221,8350386.0,8369829.0,8397804.0,8436489.0,8492964.0,8558835.0,8617375.0,8668067.0,8718561.0,8780745.0,8826939.0,8840998.0,8846062.0,8850974.0,8857874.0,8872109.0,8895960.0,8924958.0,8958229.0,8993531.0,9029572.0,9080505.0,9148092.0,9219637.0,9298515.0,9378126.0,9449213.0,9519374.0,9600379.0,-0.3065523736885611,9799186.0,9923085.0
222,705085.0,734243.0,766707.0,800456.0,832682.0,861373.0,885623.0,906034.0,924025.0,941774.0,960792.0,981764.0,1003995.0,1026009.0,1045629.0,1061468.0,1072927.0,1080930.0,1087392.0,1095053.0,1105873.0,1120514.0,1138434.0,1158897.0,1180675.0,1202843.0,1225258.0,1248158.0,1271456.0,-0.31562622138266583,1319011.0,1343098.0
223,192860800.70384616,196459140.65,200150038.51153848,203881157.92307693,207614745.06923077,209812053.50381678,213440543.14885497,217813174.61685824,221380360.00383142,224904908.7816092,227571453.6374046,231035160.95419848,234503832.5076336,31240.0,31084.0,30519.0,31189.0,32566.0,33790.0,35316.0,36934.0,38270.0,39462.0,40458.0,39133.0,35474.0,33435.0,34640.0,36607.0,-0.31698433914498086,38824.0,39969.0
224,65244.0,65652.0,68499.0,68755.0,69167.0,69507.0,70439.0,70763.0,72253.0,74205.0,75304.0,76417.0,77319.0,78846.0,80410.0,81131.0,81202.0,83723.0,82781.0,82475.0,82858.0,84600.0,85033.0,86956.0,87298.0,89770.0,87441.0,88303.0,89949.0,-0.31692636640989125,93419.0,94677.0
225,10648632.0,11004272.0,11360852.0,11719071.0,12080444.0,12446171.0,12815219.0,13187085.0,13564167.0,13949697.0,14345492.0,14755286.0,15177456.0,15602210.0,16016092.0,16410848.0,16766899.0,17087901.0,17415266.0,17806638.0,18294611.0,18914977.0,19632806.0,20325443.0,20824893.0,21018834.0,20863993.0,20420701.0,19809141.0,-0.2962839824182584,18734987.0,18430453.0
226,9506.0,9875.0,10224.0,10582.0,11017.0,11552.0,12206.0,12968.0,13789.0,14597.0,15332.0,15966.0,16528.0,17115.0,17864.0,18873.0,20185.0,21742.0,23410.0,25028.0,26448.0,27642.0,28640.0,29481.0,30245.0,30994.0,31731.0,32431.0,33108.0,-0.31698860117897615,34339.0,34900.0
227,5091535.0,5243006.0,5408087.0,5584339.0,5768086.0,5956859.0,6150081.0,6349089.0,6555603.0,6772133.0,7000722.0,7241134.0,7493251.0,7759258.0,8041846.0,8342559.0,8663012.0,9001689.0,9353201.0,9710043.0,10067009.0,10421597.0,10775708.0,11133861.0,11502786.0,11887202.0,12288651.0,12705135.0,13133589.0,-0.3023688319726619,14009413.0,14452543.0
228,1455657361.0,1480373786.0,1506584203.0,1533101545.0,1558955175.0,1584201527.0,1608359604.0,1630963311.0,1652721433.0,1674318792.0,1695483908.0,1716273163.0,1736829481.0,1756647031.0,1775313796.0,1792988795.0,1809863172.0,1825997053.0,1841494223.0,1856577908.0,1871547819.0,1886075714.0,1900087620.0,1913992088.0,1927809625.0,1941604842.0,1955546907.0,1969762859.0,1984152637.0,1.8417355619268905,2013132699.0,2027896410.0
229,410151269.0,414186469.0,418164696.0,421971143.0,425588882.0,428318228.0,430153302.0,431844672.0,433366951.0,434111200.0,434648577.0,434909531.0,435422592.0,435662495.0,435732195.0,435342598.0,435134241.0,434804671.0,434924961.0,435247221.0,435634937.0,436152601.0,436814265.0,437864853.0,439624552.0,441513488.0,443585208.0,445769749.0,448166840.0,0.16957987490308896,452962149.0,455376693.0
230,3252994.0,3364020.0,3474080.0,3581928.0,3686373.0,3786940.0,3882271.0,3973327.0,4064926.0,4163642.0,4274024.0,4398238.0,4534551.0,4679023.0,4825704.0,4970367.0,5111770.0,5251472.0,5391401.0,5534598.0,5683268.0,5837792.0,5997385.0,6161796.0,6330472.0,6502952.0,6679282.0,6859482.0,7042948.0,-0.30921716562039797,7416802.0,7606374.0
231,52041469.0,52996467.0,53964406.0,54912334.0,55795106.0,56582821.0,57258401.0,57837878.0,58364891.0,58901666.0,59491790.0,60151472.0,60863506.0,61597283.0,62306651.0,62958021.0,63543322.0,64073164.0,64554952.0,65002231.0,65425470.0,65824164.0,66195615.0,66545760.0,66881867.0,67208808.0,67530130.0,67843979.0,68143065.0,-0.24312879090336564,68657600.0,68863514.0
232,4537789.0,4687283.0,4843951.0,5001110.0,5149803.0,5283728.0,5400714.0,5502976.0,5594114.0,5679832.0,5764712.0,5849540.0,5934282.0,6021691.0,6114886.0,6216205.0,6327125.0,6447688.0,6576877.0,6712841.0,6854176.0,7000557.0,7152385.0,7309728.0,7472819.0,7641630.0,7815949.0,7995062.0,8177809.0,-0.3079925275046128,8548651.0,8734951.0
233,3244018.0,3324456.0,3407319.0,3493894.0,3585867.0,3683966.0,3789185.0,3899843.0,4010789.0,4115099.0,4207840.0,4287344.0,4355114.0,4413477.0,4466132.0,4516131.0,4564080.0,4610002.0,4655741.0,4703398.0,4754641.0,4810105.0,4870137.0,4935762.0,5007950.0,5087210.0,5174061.0,5267839.0,5366277.0,-0.31112101166972067,5565284.0,5662544.0
234,389922156.0,397961545.0,405966436.0,413957171.0,421966286.0,430014112.0,438102530.0,446211495.0,454312822.0,462368285.0,470347459.0,478247051.0,486067029.0,493785288.0,501376484.0,508826710.0,516120111.0,523270767.0,530331985.0,537377388.0,544459791.0,551595525.0,558768052.0,565956228.0,573125269.0,580246796.0,587315129.0,594330743.0,601277206.0,0.33981644426323,614891969.0,621534921.0
235,666945.0,684184.0,699522.0,714474.0,731444.0,751933.0,777011.0,805435.0,833611.0,856684.0,871447.0,875916.0,871994.0,865194.0,863269.0,871607.0,892531.0,923825.0,960852.0,996698.0,1026484.0,1048621.0,1064973.0,1078110.0,1092021.0,1109591.0,1131523.0,1156760.0,1184366.0,-0.3157150944042662,1240977.0,1268671.0
236,195917732.0,201950420.0,208051337.0,214140741.0,220121789.0,225925572.0,231513429.0,236899060.0,242132775.0,247294351.0,252443551.0,257602127.0,262757426.0,267895723.0,272991630.0,278033137.0,283018341.0,287975628.0,292959567.0,298041669.0,303274818.0,308672973.0,314226665.0,319934461.0,325786717.0,331770455.0,337894992.0,344148796.0,350471538.0,0.06833294487272502,363027163.0,369167489.0
237,93953.0,94145.0,94384.0,94667.0,94929.0,95153.0,95333.0,95496.0,95644.0,95833.0,96076.0,96369.0,96725.0,97135.0,97591.0,98082.0,98611.0,99184.0,99789.0,100406.0,101041.0,101689.0,102357.0,103005.0,103604.0,104137.0,104577.0,104951.0,105328.0,-0.3169107882760053,106364.0,107122.0
238,1012429641.0,1035982524.0,1059829211.0,1083963380.0,1108386444.0,1133089464.0,1158058109.0,1183253534.0,1208612942.0,1234059205.0,1259530819.0,1284978193.0,1310387887.0,1335777637.0,1361185289.0,1386625845.0,1412104373.0,1437568227.0,1462906674.0,1487975237.0,1512670560.0,1536943534.0,1560818860.0,1584359049.0,1607663899.0,1630806784.0,1653798614.0,1676615491.0,1699310450.0,1.5427250333610592,1744199944.0,1766393714.0
239,445048059.0,457835414.0,470938971.0,484357710.0,498102752.0,512177101.0,526599014.0,541365685.0,556451898.0,571828603.0,587469624.0,603385639.0,619607956.0,636182577.0,653179863.0,670649638.0,688615995.0,707099850.0,726140617.0,745788118.0,766080507.0,787035792.0,808660166.0,830965556.0,853953657.0,877628367.0,901989926.0,927039875.0,952734072.0,0.7404021367218179,1005850049.0,1033212743.0
240,1170928.0,1184051.0,1195247.0,1204893.0,1213624.0,1221900.0,1229907.0,1237487.0,1244407.0,1250318.0,1255001.0,1258364.0,1260678.0,1262542.0,1264775.0,1267984.0,1272380.0,1277837.0,1284052.0,1290535.0,1296934.0,1303144.0,1309260.0,1315372.0,1321618.0,1328100.0,1334788.0,1341588.0,1348248.0,-0.3155620683742561,1360092.0,1364962.0
241,7321876.0,7509756.0,7692254.0,7871459.0,8050932.0,8232797.0,8417684.0,8603225.0,8784888.0,8956596.0,9113975.0,9256037.0,9384152.0,9499395.0,9603742.0,9699197.0,9785701.0,9864326.0,9939678.0,10017601.0,10102482.0,10196136.0,10298087.0,10407336.0,10521834.0,10639931.0,10761467.0,10886668.0,11014558.0,-0.3049886219667355,11273661.0,11403248.0
242,49133883.0,50128489.0,51100878.0,52053704.0,52992429.0,53921699.0,54840531.0,55748875.0,56653729.0,57564132.0,58486381.0,59423208.0,60372499.0,61329590.0,62287326.0,63240121.0,64191474.0,65143054.0,66085803.0,67007855.0,67903406.0,68763405.0,69597281.0,70440032.0,71339185.0,72326914.0,73409455.0,74569867.0,75787333.0,-0.23382505367513493,78271472.0,79512426.0
243,8650.0,8747.0,8820.0,8883.0,8947.0,9003.0,9053.0,9109.0,9156.0,9190.0,9230.0,9256.0,9277.0,9306.0,9345.0,9420.0,9512.0,9635.0,9767.0,9894.0,10027.0,10137.0,10243.0,10340.0,10441.0,10531.0,10628.0,10725.0,10819.0,-0.3170132607071431,11001.0,11097.0
244,21836999.0,22511243.0,23198533.0,23909954.0,24660575.0,25459604.0,26315013.0,27219619.0,28149328.0,29070615.0,29960776.0,30811854.0,31635251.0,32451713.0,33291540.0,34178042.0,35117019.0,36105808.0,37149072.0,38249984.0,39410545.0,40634948.0,41923715.0,43270144.0,44664231.0,46098591.0,47570902.0,49082997.0,50636595.0,-0.2606066978203977,53879957.0,55572201.0
245,14646624.0,15154521.0,15695411.0,16262533.0,16846090.0,17438907.0,18040438.0,18652889.0,19275422.0,19907634.0,20550291.0,21202118.0,21865931.0,22551789.0,23272995.0,24039274.0,24854892.0,25718048.0,26624820.0,27568436.0,28543940.0,29550662.0,30590487.0,31663896.0,32771895.0,33915133.0,35093648.0,36306796.0,37553726.0,-0.275081553550513,40144870.0,41487965.0
246,50917000.0,51097000.0,51293000.0,51521000.0,51773000.0,51892000.0,52000470.0,52150266.0,52179210.0,51921041.0,51512299.0,51057189.0,50594105.0,50143939.0,49673350.0,49175848.0,48683865.0,48202500.0,47812950.0,47451600.0,47105150.0,46787750.0,46509350.0,46258200.0,46053300.0,45870700.0,45706100.0,45593300.0,45489600.0,-0.2681272782234909,45154029.0,45004645.0
247,1882167231.0,1913192097.0,1945676171.0,1978286203.0,2010003397.0,2040239025.0,2068489747.0,2094901020.0,2120460356.0,2145574277.0,2170366785.0,2194617749.0,2218956816.0,2242422109.0,2264681921.0,2285496325.0,2305023507.0,2323489900.0,2341591859.0,2359418004.0,2377231696.0,2394751870.0,2411858358.0,2429212267.0,2447175737.0,2465137558.0,2483420924.0,2502482706.0,2521914824.0,2.4279857009516306,2560700314.0,2580012056.0
248,3011908.0,3031038.0,3049966.0,3069099.0,3088984.0,3109989.0,3132050.0,3154855.0,3178155.0,3201607.0,3224804.0,3248035.0,3271010.0,3292138.0,3309318.0,3321245.0,3327103.0,3327773.0,3325637.0,3324096.0,3325612.0,3331043.0,3339741.0,3350824.0,3362755.0,3374415.0,3385624.0,3396777.0,3408005.0,-0.31333162587854113,3431552.0,3444006.0
249,237924000.0,240133000.0,242289000.0,244499000.0,246819000.0,249623000.0,252981000.0,256514000.0,259919000.0,263126000.0,266278000.0,269394000.0,272657000.0,275854000.0,279040000.0,282162411.0,284968955.0,287625193.0,290107933.0,292805298.0,295516599.0,298379912.0,301231207.0,304093966.0,306771529.0,309348193.0,311663358.0,313998379.0,316204908.0,0.027052068452684017,320896618.0,323127513.0
250,18108300.0,18565477.0,19029877.0,19501225.0,19979127.0,20510000.0,20952000.0,21449000.0,21942000.0,22377000.0,22785000.0,23225000.0,23667000.0,24051000.0,24311650.0,24650400.0,24964450.0,25271850.0,25567650.0,25864350.0,26167000.0,26488250.0,26868000.0,27302800.0,27767400.0,28562400.0,29339400.0,29774500.0,30243200.0,-0.28380396705525635,31298900.0,31847900.0
251,104477.0,105198.0,105896.0,106536.0,107084.0,107505.0,107814.0,108003.0,108092.0,108129.0,108122.0,108075.0,108004.0,107922.0,107880.0,107898.0,107988.0,108146.0,108350.0,108559.0,108744.0,108907.0,109047.0,109165.0,109253.0,109315.0,109341.0,109328.0,109320.0,-0.3169069269552923,109455.0,109643.0
252,17508059.0,17968552.0,18437794.0,18912526.0,19388342.0,19861956.0,20332079.0,20799075.0,21263443.0,21726352.0,22188667.0,22650102.0,23110178.0,23569454.0,24028689.0,24488340.0,24948476.0,25408700.0,25868523.0,26327225.0,26784161.0,27239168.0,27691965.0,28141701.0,28587323.0,29028033.0,29463291.0,29893080.0,30317848.0,-0.2838248365486312,31155134.0,31568179.0
253,13304.0,13938.0,14589.0,15266.0,15900.0,16461.0,16934.0,17344.0,17703.0,18052.0,18427.0,18833.0,19270.0,19722.0,20188.0,20645.0,21085.0,21529.0,22000.0,22541.0,23168.0,23905.0,24731.0,25604.0,26447.0,27224.0,27901.0,28509.0,29056.0,-0.316993084631362,30113.0,30661.0
254,100760.0,100842.0,100901.0,100952.0,101041.0,103963.0,104807.0,105712.0,106578.0,107318.0,107818.0,108095.0,108357.0,108537.0,108599.0,108642.0,108549.0,108510.0,108506.0,108467.0,108454.0,108371.0,108339.0,108399.0,108405.0,108358.0,108292.0,108191.0,108044.0,-0.316908517927435,107710.0,107510.0
255,61049373.0,62459560.0,63881297.0,65313708.0,66757402.0,68209605.0,69670902.0,71130448.0,72560427.0,73925082.0,75198977.0,76372719.0,77453335.0,78452897.0,79391374.0,80285562.0,81139919.0,81956496.0,82747662.0,83527678.0,84308843.0,85094617.0,85889590.0,86707801.0,87565407.0,88472512.0,89436644.0,90451881.0,91497725.0,-0.2170682319298729,93571567.0,94569072.0
256,130027.0,133038.0,136125.0,139366.0,142849.0,146634.0,150778.0,155243.0,159814.0,164208.0,168235.0,171801.0,174999.0,178078.0,181345.0,185063.0,189290.0,193956.0,198964.0,204143.0,209370.0,214634.0,219953.0,225340.0,230785.0,236295.0,241871.0,247485.0,253142.0,-0.31674546110428903,264603.0,270402.0
257,4846338373.0,4932113628.0,5020001100.0,5108813275.0,5197758288.0,5288103216.0,5375488625.0,5459753863.0,5544873088.0,5628791182.0,5713794373.0,5796632121.0,5879433899.0,5961166045.0,6041818590.0,6121682741.0,6201340848.0,6280531847.0,6359901308.0,6439827446.0,6520301437.0,6601480650.0,6683228246.0,6766302523.0,6849573246.0,6932880892.0,7014998805.0,7099548883.0,7185078354.0,7.536553517772004,7357369754.0,7444027227.0
258,160031.0,160592.0,161015.0,161421.0,161998.0,162866.0,164076.0,165570.0,167207.0,168788.0,170157.0,171283.0,172198.0,172981.0,173755.0,174610.0,175566.0,176582.0,177662.0,178781.0,179929.0,181094.0,182286.0,183526.0,184826.0,186205.0,187665.0,189194.0,190757.0,-0.3168173518753805,193759.0,195125.0
259,1682000.0,1717000.0,1753000.0,1791000.0,1827000.0,1862000.0,1898000.0,1932000.0,1965000.0,1997000.0,2029000.0,2059000.0,2086000.0,1966000.0,1762000.0,1700000.0,1701154.0,1702310.0,1703466.0,1704622.0,1705780.0,1719536.0,1733404.0,1747383.0,1761474.0,1775680.0,1791000.0,1805200.0,1824100.0,-0.31505733489218807,1801800.0,1816200.0
260,9847899.0,10232733.0,10628585.0,11051504.0,11523267.0,12057039.0,12661614.0,13325583.0,14017239.0,14692686.0,15320653.0,15889449.0,16408954.0,16896210.0,17378098.0,17874725.0,18390135.0,18919179.0,19462086.0,20017068.0,20582927.0,21160534.0,21751605.0,22356391.0,22974929.0,23606779.0,24252206.0,24909969.0,25576322.0,-0.2886766546101139,26916207.0,27584213.0
261,33730148.0,34490419.0,35230249.0,35970537.0,36740883.0,37560525.0,38437855.0,39360225.0,40300161.0,41218901.0,42088165.0,42898520.0,43657024.0,44372112.0,45058775.0,45728315.0,46385006.0,47026173.0,47648727.0,48247395.0,48820586.0,49364582.0,49887181.0,50412129.0,50970818.0,51584663.0,52263516.0,52998213.0,53767396.0,-0.25811741290579293,55291225.0,56015473.0
262,6955212.0,7170656.0,7385686.0,7600072.0,7813808.0,8027253.0,8239732.0,8452275.0,8669168.0,8896109.0,9137077.0,9394304.0,9666578.0,9950224.0,10239714.0,10531221.0,10824125.0,11120409.0,11421984.0,11731746.0,12052156.0,12383446.0,12725974.0,13082517.0,13456417.0,13850033.0,14264756.0,14699937.0,15153210.0,-0.3001529890495558,16100587.0,16591390.0
263,8658857.0,8976205.0,9293283.0,9604302.0,9902540.0,10183113.0,10443043.0,10682868.0,10905756.0,11116948.0,11320346.0,11518262.0,11709997.0,11893272.0,12064537.0,12222251.0,12366165.0,12500525.0,12633897.0,12777511.0,12940032.0,13124267.0,13329909.0,13558469.0,13810599.0,14086317.0,14386649.0,14710826.0,15054506.0,-0.30037905074574983,15777451.0,16150362.0
